-- phpMyAdmin SQL Dump
-- version 4.6.5.2
-- https://www.phpmyadmin.net/
--
-- Host: localhost:8889
-- Generation Time: Mar 20, 2018 at 10:21 PM
-- Server version: 5.6.35
-- PHP Version: 7.0.15

SET SQL_MODE = "NO_AUTO_VALUE_ON_ZERO";
SET time_zone = "+00:00";


/*!40101 SET @OLD_CHARACTER_SET_CLIENT=@@CHARACTER_SET_CLIENT */;
/*!40101 SET @OLD_CHARACTER_SET_RESULTS=@@CHARACTER_SET_RESULTS */;
/*!40101 SET @OLD_COLLATION_CONNECTION=@@COLLATION_CONNECTION */;
/*!40101 SET NAMES utf8mb4 */;

--
-- Database: `cat_crm_m_final`
--

-- --------------------------------------------------------

--
-- Table structure for table `car`
--

CREATE TABLE `car` (
  `id` int(11) NOT NULL,
  `number` text NOT NULL,
  `type` varchar(255) NOT NULL,
  `validUntil` date NOT NULL,
  `licenseNumber` int(255) NOT NULL,
  `initialKilometers` int(255) NOT NULL,
  `carModel` int(255) DEFAULT NULL,
  `chassisNumber` text,
  `status` varchar(255) DEFAULT NULL,
  `car_type_id` int(11) NOT NULL
) ENGINE=MyISAM DEFAULT CHARSET=utf8 ROW_FORMAT=FIXED;

--
-- Dumping data for table `car`
--

INSERT INTO `car` (`id`, `number`, `type`, `validUntil`, `licenseNumber`, `initialKilometers`, `carModel`, `chassisNumber`, `status`, `car_type_id`) VALUES
(21, 'BFA291', 'E300 Mercedes', '2018-11-26', 1223099912, 1223099912, 2018, '8819992', 'out of service', 3),
(20, 'bassem', 'Karens Kia', '2018-03-04', 1223099912, 1223099912, 2019, '2011', 'canceled', 2),
(19, '281BAHS', 'Karens Kia', '2018-05-29', 1223099912, 1223099912, 2020, '01222709375', 'canceled', 2),
(18, '123ا ب ج', 'Karens Kia', '2018-08-25', 123, 123900, 2012, '123812', 'canceled', 2),
(13, '123 rty', 'honda', '2018-01-09', 212121212, 2147483647, 2017, '21rrrretee2', '-- sele--', 0),
(14, 'dfsfsdf', 'fdfsf', '2016-12-30', 0, 0, 0, 'kfndslkfnk', NULL, 0),
(15, 'i don', 'di', '2017-01-30', 1212121, 2121212, 0, 'das223', 'out of service', 0),
(17, 'KIA PORTO', 'Karens Kia', '2018-12-31', 1223099912, 1223099912, 2011, 'cracker192874981', 'canceled', 2),
(22, '1342OP', 'Karens Kia', '2018-12-05', 1223099912, 1223099912, 123, 'ihfaioshfaiosh', 'canceled', 2),
(23, '127981', 'E300 Mercedes', '2018-09-25', 1223099912, 1223099912, 12412412, '2019', 'out of service', 3),
(24, '203', 'Karens Kia', '2018-12-31', 123123123, 10, 2019, '23i', 'canceled', 2),
(25, '987', 'Karens Kia', '2018-12-31', 987, 987, 2019, '1231', 'canceled', 2);

-- --------------------------------------------------------

--
-- Table structure for table `car_type`
--

CREATE TABLE `car_type` (
  `id` int(255) NOT NULL,
  `model` text NOT NULL,
  `manufacturer` text NOT NULL,
  `productionYear` int(255) NOT NULL,
  `capacity` int(11) NOT NULL
) ENGINE=InnoDB DEFAULT CHARSET=latin1;

--
-- Dumping data for table `car_type`
--

INSERT INTO `car_type` (`id`, `model`, `manufacturer`, `productionYear`, `capacity`) VALUES
(1, 'H1', 'Hyundai', 2017, 9),
(2, 'Karens', 'Kia', 2018, 0),
(3, 'E300', 'Mercedes', 2018, 0);

-- --------------------------------------------------------

--
-- Table structure for table `comment`
--

CREATE TABLE `comment` (
  `id` int(255) NOT NULL,
  `type` text NOT NULL,
  `comment` text NOT NULL,
  `customer_id` int(255) NOT NULL
) ENGINE=InnoDB DEFAULT CHARSET=latin1;

--
-- Dumping data for table `comment`
--

INSERT INTO `comment` (`id`, `type`, `comment`, `customer_id`) VALUES
(1, 'good', 'good customer', 167),
(2, 'bad attitude', 'bad', 167);

-- --------------------------------------------------------

--
-- Table structure for table `customer`
--

CREATE TABLE `customer` (
  `id` int(11) NOT NULL,
  `name` varchar(255) DEFAULT NULL,
  `payment_info` varchar(255) DEFAULT NULL,
  `address` varchar(255) DEFAULT NULL,
  `company` varchar(255) DEFAULT NULL,
  `notes` varchar(255) DEFAULT NULL,
  `email` varchar(255) DEFAULT NULL,
  `phone` varchar(20) DEFAULT NULL,
  `phone2` varchar(255) DEFAULT NULL,
  `email2` varchar(255) DEFAULT NULL,
  `vip` bit(1) DEFAULT NULL
) ENGINE=MyISAM DEFAULT CHARSET=utf8;

--
-- Dumping data for table `customer`
--

INSERT INTO `customer` (`id`, `name`, `payment_info`, `address`, `company`, `notes`, `email`, `phone`, `phone2`, `email2`, `vip`) VALUES
(183, 'Bassem Magdy', 'cash', '210 abd', 'kasljflkashflaks', NULL, 'bmagdy89@akjfgkas.com', '01124112412', '124124187', 'kalsjflak', NULL),
(182, 'Ali', '2', 'aksjfkljaklf', 'faskjflakjf', NULL, 'bmagdy76@gmail.com', '1274891279', '124124124', 'ma,sbfkajb@kaf.com', NULL);

-- --------------------------------------------------------

--
-- Table structure for table `department`
--

CREATE TABLE `department` (
  `id` int(11) NOT NULL,
  `name` varchar(200) NOT NULL,
  `manager_id` int(11) NOT NULL
) ENGINE=MyISAM DEFAULT CHARSET=utf8;

--
-- Dumping data for table `department`
--

INSERT INTO `department` (`id`, `name`, `manager_id`) VALUES
(20, 'Marketing', 0),
(19, 'Sales', 75);

-- --------------------------------------------------------

--
-- Table structure for table `driver`
--

CREATE TABLE `driver` (
  `id` int(255) NOT NULL,
  `name` varchar(255) NOT NULL,
  `national_id` int(255) NOT NULL,
  `phone_number` int(255) NOT NULL,
  `license_number` int(255) NOT NULL,
  `license_degree` varchar(255) NOT NULL,
  `license_expiry` date NOT NULL,
  `code` text NOT NULL
) ENGINE=InnoDB DEFAULT CHARSET=latin1;

--
-- Dumping data for table `driver`
--

INSERT INTO `driver` (`id`, `name`, `national_id`, `phone_number`, `license_number`, `license_degree`, `license_expiry`, `code`) VALUES
(8, 'yasereee', 2147483647, 2147483647, 2147483647, 'B', '0001-02-11', 'Et8SNR');

-- --------------------------------------------------------

--
-- Table structure for table `employee`
--

CREATE TABLE `employee` (
  `id` int(11) NOT NULL,
  `username` varchar(255) DEFAULT NULL,
  `password` varchar(255) DEFAULT NULL,
  `manager_id` int(11) DEFAULT NULL,
  `name` varchar(255) DEFAULT NULL,
  `email` varchar(255) DEFAULT NULL,
  `phone` varchar(20) DEFAULT NULL,
  `address` varchar(255) DEFAULT NULL,
  `department` varchar(255) DEFAULT NULL,
  `department_role` varchar(255) NOT NULL,
  `role` int(11) DEFAULT NULL,
  `vercode` varchar(255) DEFAULT NULL,
  `disable` tinyint(1) NOT NULL DEFAULT '0',
  `total` int(8) DEFAULT NULL
) ENGINE=MyISAM DEFAULT CHARSET=utf8;

--
-- Dumping data for table `employee`
--

INSERT INTO `employee` (`id`, `username`, `password`, `manager_id`, `name`, `email`, `phone`, `address`, `department`, `department_role`, `role`, `vercode`, `disable`, `total`) VALUES
(1, 'farida', '$2y$10$dGmYU.5LwA8fm4hjSFmySuwt.3encs10QxlkPcklpmzeduq5nVGve', NULL, 'Farida Ahmed', 'farida@gmail.com', '01060057457', 'nasr street', '19', 'save', 39, NULL, 0, NULL),
(73, 'ahmed12', '$2y$10$1Behmx2/FGgbbV0woQIwBOJXNeyxkIboz3Mbs9e6Mp/tC5x0M.m8u', 75, 'ahmed', 'ahmed@gmail.com', '0199827737', NULL, '20', '', 39, NULL, 0, NULL),
(75, 'alya', '$2y$10$yjQiiIpBA6cuKsRWnuMrse0nI16dbKE9mgU8DPXgEJFSMtKTp5FfK', 1, 'alya', 'alyahosny@gmail.com', '01212121212', NULL, '19', '', 39, NULL, 0, NULL),
(77, 'mokhtar321', '$2y$10$C2euXAm/o9DBYmUmHs1Rw.00SpElziRgofiaJhfm2H5RfT4JtbNRe', 1, 'ahmed', 'mi2015do@hotmail.com', '012912121331', NULL, '19', '', 64, NULL, 0, NULL),
(79, 'fouad', '$2y$10$Y7JWOgK/pMYiep7pEXKPqud0mKaSzf2AOwI/C8NkJJu3YQwzwkmUq', 1, 'fouad', 'fouad@e-phunk.com', '102020202020', NULL, '19', '', 39, NULL, 0, NULL);

-- --------------------------------------------------------

--
-- Table structure for table `lead`
--

CREATE TABLE `lead` (
  `id` int(11) NOT NULL,
  `customer_id` int(11) DEFAULT NULL,
  `reminder` datetime DEFAULT NULL,
  `comment` varchar(255) DEFAULT NULL,
  `date_created` timestamp NULL DEFAULT CURRENT_TIMESTAMP,
  `created_by` int(11) DEFAULT NULL,
  `stage` int(11) DEFAULT NULL,
  `assigned_to` int(11) DEFAULT NULL,
  `date_updated` datetime DEFAULT NULL,
  `department` varchar(255) NOT NULL,
  `source` varchar(255) NOT NULL,
  `total` int(255) DEFAULT NULL,
  `Archived` smallint(6) NOT NULL
) ENGINE=MyISAM DEFAULT CHARSET=utf8;

--
-- Dumping data for table `lead`
--

INSERT INTO `lead` (`id`, `customer_id`, `reminder`, `comment`, `date_created`, `created_by`, `stage`, `assigned_to`, `date_updated`, `department`, `source`, `total`, `Archived`) VALUES
(80, 183, NULL, NULL, '2018-03-20 15:38:28', 1, 38, NULL, NULL, '19', '10', NULL, 0);

-- --------------------------------------------------------

--
-- Table structure for table `lead_stage`
--

CREATE TABLE `lead_stage` (
  `id` int(11) NOT NULL,
  `lead_id` int(11) NOT NULL,
  `stage_id` int(11) NOT NULL,
  `reminder` datetime DEFAULT NULL,
  `comment` text,
  `timestamp` datetime NOT NULL
) ENGINE=InnoDB DEFAULT CHARSET=utf8;

--
-- Dumping data for table `lead_stage`
--

INSERT INTO `lead_stage` (`id`, `lead_id`, `stage_id`, `reminder`, `comment`, `timestamp`) VALUES
(447, 44, 40, NULL, NULL, '2018-01-02 15:03:17'),
(448, 44, 38, NULL, NULL, '2018-01-02 16:08:27'),
(449, 44, 38, NULL, NULL, '2018-01-02 16:08:29'),
(450, 44, 37, NULL, NULL, '2018-01-02 16:08:34'),
(451, 44, 37, NULL, NULL, '2018-01-02 16:08:35'),
(452, 45, 0, NULL, NULL, '2018-01-02 16:10:00'),
(453, 44, 38, NULL, NULL, '2018-01-03 02:08:22'),
(454, 44, 40, NULL, NULL, '2018-01-03 02:08:24'),
(455, 44, 40, NULL, NULL, '2018-01-03 02:08:26'),
(456, 46, 37, NULL, NULL, '2018-01-03 11:29:42'),
(457, 46, 37, NULL, NULL, '2018-01-03 11:29:42'),
(458, 46, 37, NULL, NULL, '2018-01-03 11:29:43'),
(459, 46, 38, NULL, NULL, '2018-01-03 11:37:52'),
(460, 46, 40, NULL, NULL, '2018-01-03 11:37:55'),
(461, 46, 37, NULL, NULL, '2018-01-03 11:38:00'),
(462, 46, 38, NULL, NULL, '2018-01-03 11:38:10'),
(463, 46, 37, NULL, NULL, '2018-01-03 11:52:59'),
(464, 46, 40, NULL, NULL, '2018-01-03 11:53:02'),
(465, 46, 38, NULL, NULL, '2018-01-03 11:53:08'),
(466, 46, 37, NULL, NULL, '2018-01-03 11:53:11'),
(467, 46, 40, NULL, NULL, '2018-01-03 11:53:15'),
(468, 46, 38, NULL, NULL, '2018-01-03 11:53:22'),
(469, 46, 40, NULL, NULL, '2018-01-03 12:03:13'),
(470, 46, 40, NULL, NULL, '2018-01-03 12:03:14'),
(471, 48, 37, NULL, 'hi', '2018-01-03 14:03:52'),
(472, 48, 37, NULL, NULL, '2018-01-03 14:03:53'),
(473, 48, 0, '2018-01-10 12:17:50', 'he will reply next week', '2018-01-03 14:17:57'),
(474, 47, 38, NULL, NULL, '2018-01-04 12:04:59'),
(475, 46, 40, NULL, NULL, '2018-01-04 12:05:01'),
(476, 46, 41, NULL, NULL, '2018-01-04 12:05:05'),
(477, 47, 40, NULL, NULL, '2018-01-04 12:05:14'),
(478, 47, 40, NULL, NULL, '2018-01-04 12:05:14'),
(479, 47, 38, NULL, NULL, '2018-01-04 12:05:17'),
(480, 47, 38, NULL, NULL, '2018-01-04 12:05:18'),
(481, 47, 37, NULL, NULL, '2018-01-04 12:05:23'),
(482, 47, 37, NULL, NULL, '2018-01-04 12:05:23'),
(483, 47, 38, NULL, NULL, '2018-01-04 12:05:35'),
(484, 47, 38, NULL, NULL, '2018-01-04 12:05:36'),
(485, 47, 40, NULL, NULL, '2018-01-04 12:05:52'),
(486, 47, 40, NULL, NULL, '2018-01-04 12:05:53'),
(487, 47, 37, NULL, NULL, '2018-01-04 12:05:56'),
(488, 47, 37, NULL, NULL, '2018-01-04 12:05:56'),
(489, 47, 38, NULL, NULL, '2018-01-04 12:06:00'),
(490, 47, 38, NULL, NULL, '2018-01-04 12:06:01'),
(491, 46, 40, NULL, NULL, '2018-01-04 12:06:17'),
(492, 46, 40, NULL, NULL, '2018-01-04 12:06:17'),
(493, 47, 37, NULL, NULL, '2018-01-04 12:14:51'),
(494, 47, 37, NULL, NULL, '2018-01-04 12:14:52'),
(495, 46, 38, NULL, NULL, '2018-01-04 12:14:55'),
(496, 46, 38, NULL, NULL, '2018-01-04 12:14:57'),
(497, 46, 40, NULL, NULL, '2018-01-04 12:15:00'),
(498, 46, 40, NULL, NULL, '2018-01-04 12:15:01'),
(499, 47, 38, NULL, NULL, '2018-01-04 12:15:04'),
(500, 47, 38, NULL, NULL, '2018-01-04 12:15:05'),
(501, 46, 41, NULL, NULL, '2018-01-04 12:15:08'),
(502, 46, 41, NULL, NULL, '2018-01-04 12:15:08'),
(503, 47, 0, NULL, NULL, '2018-01-04 12:15:13'),
(504, 47, 51, NULL, NULL, '2018-01-04 12:15:18'),
(505, 47, 51, NULL, NULL, '2018-01-04 12:15:19'),
(506, 46, 40, NULL, NULL, '2018-01-04 12:17:44'),
(507, 46, 38, NULL, NULL, '2018-01-04 12:17:48'),
(508, 46, 37, NULL, NULL, '2018-01-04 12:17:51'),
(509, 46, 38, NULL, NULL, '2018-01-04 12:17:57'),
(510, 46, 40, NULL, NULL, '2018-01-04 12:18:02'),
(511, 46, 38, NULL, NULL, '2018-01-04 12:18:14'),
(512, 46, 37, NULL, NULL, '2018-01-04 12:18:19'),
(513, 47, 41, NULL, NULL, '2018-01-04 12:18:24'),
(514, 47, 40, NULL, NULL, '2018-01-04 12:18:27'),
(515, 47, 38, NULL, NULL, '2018-01-04 12:18:31'),
(516, 46, 38, NULL, NULL, '2018-01-04 12:18:36'),
(517, 47, 40, NULL, NULL, '2018-01-04 12:18:38'),
(518, 46, 37, NULL, NULL, '2018-01-04 12:18:43'),
(519, 47, 38, NULL, NULL, '2018-01-04 12:18:46'),
(520, 46, 40, NULL, NULL, '2018-01-04 12:18:49'),
(521, 46, 37, NULL, NULL, '2018-01-04 12:18:52'),
(522, 47, 37, NULL, NULL, '2018-01-04 12:19:00'),
(523, 47, 37, NULL, NULL, '2018-01-04 12:19:07'),
(524, 46, 38, NULL, NULL, '2018-01-04 12:19:39'),
(525, 46, 40, NULL, NULL, '2018-01-04 12:19:41'),
(526, 47, 38, NULL, NULL, '2018-01-04 12:19:47'),
(527, 47, 37, NULL, NULL, '2018-01-04 12:19:55'),
(528, 46, 38, NULL, NULL, '2018-01-04 12:20:01'),
(529, 47, 38, NULL, NULL, '2018-01-04 12:20:05'),
(530, 46, 40, NULL, NULL, '2018-01-04 12:20:09'),
(531, 47, 40, NULL, NULL, '2018-01-04 12:20:12'),
(532, 46, 38, NULL, NULL, '2018-01-04 12:20:17'),
(533, 46, 37, NULL, NULL, '2018-01-04 12:21:23'),
(534, 47, 38, NULL, NULL, '2018-01-04 12:21:29'),
(535, 47, 37, NULL, NULL, '2018-01-04 12:21:34'),
(536, 47, 38, NULL, NULL, '2018-01-04 12:21:38'),
(537, 47, 37, NULL, NULL, '2018-01-04 12:23:35'),
(538, 47, 38, NULL, NULL, '2018-01-04 12:41:26'),
(539, 47, 40, NULL, NULL, '2018-01-04 12:41:28'),
(540, 46, 40, NULL, NULL, '2018-01-04 12:41:31'),
(541, 47, 38, NULL, NULL, '2018-01-04 12:41:33'),
(542, 46, 38, NULL, NULL, '2018-01-04 12:41:36'),
(543, 47, 40, NULL, NULL, '2018-01-04 12:41:41'),
(544, 46, 40, NULL, NULL, '2018-01-04 12:41:47'),
(545, 46, 40, NULL, NULL, '2018-01-04 12:41:48'),
(546, 46, 38, NULL, NULL, '2018-01-04 12:41:51'),
(547, 46, 38, NULL, NULL, '2018-01-04 12:41:51'),
(548, 47, 38, NULL, NULL, '2018-01-04 12:46:56'),
(549, 47, 40, NULL, NULL, '2018-01-04 12:47:00'),
(550, 46, 37, NULL, NULL, '2018-01-04 12:47:03'),
(551, 47, 38, NULL, NULL, '2018-01-04 12:47:05'),
(552, 46, 38, NULL, NULL, '2018-01-04 12:47:11'),
(553, 46, 38, NULL, NULL, '2018-01-04 12:47:11'),
(554, 46, 40, NULL, NULL, '2018-01-04 12:47:18'),
(555, 47, 40, NULL, NULL, '2018-01-04 12:48:42'),
(556, 47, 40, NULL, NULL, '2018-01-04 12:48:43'),
(557, 46, 38, NULL, NULL, '2018-01-04 12:48:47'),
(558, 46, 38, NULL, NULL, '2018-01-04 12:48:47'),
(559, 46, 40, NULL, NULL, '2018-01-04 12:49:57'),
(560, 47, 38, NULL, NULL, '2018-01-04 12:50:25'),
(561, 46, 38, NULL, NULL, '2018-01-04 12:50:28'),
(562, 47, 40, NULL, NULL, '2018-01-04 12:50:30'),
(563, 46, 37, NULL, NULL, '2018-01-04 12:50:38'),
(564, 47, 38, NULL, NULL, '2018-01-04 12:50:41'),
(565, 47, 40, NULL, NULL, '2018-01-04 12:51:01'),
(566, 46, 38, NULL, NULL, '2018-01-04 12:51:04'),
(567, 46, 37, NULL, NULL, '2018-01-04 12:51:13'),
(568, 47, 38, NULL, NULL, '2018-01-04 12:51:15'),
(569, 47, 40, NULL, NULL, '2018-01-04 12:51:17'),
(570, 46, 40, NULL, NULL, '2018-01-04 12:51:19'),
(571, 47, 38, NULL, NULL, '2018-01-04 12:51:27'),
(572, 47, 38, NULL, NULL, '2018-01-04 12:51:30'),
(573, 46, 38, NULL, NULL, '2018-01-04 12:51:38'),
(574, 46, 38, NULL, NULL, '2018-01-04 12:51:39'),
(575, 47, 40, NULL, NULL, '2018-01-04 12:57:14'),
(576, 46, 40, NULL, NULL, '2018-01-04 12:57:32'),
(577, 47, 38, NULL, NULL, '2018-01-04 12:58:23'),
(578, 46, 38, NULL, NULL, '2018-01-04 12:58:25'),
(579, 47, 40, NULL, NULL, '2018-01-04 12:58:28'),
(580, 46, 40, NULL, NULL, '2018-01-04 12:58:32'),
(581, 46, 38, NULL, NULL, '2018-01-04 12:58:35'),
(582, 47, 38, NULL, NULL, '2018-01-04 12:58:36'),
(583, 47, 40, NULL, NULL, '2018-01-04 12:58:38'),
(584, 46, 40, NULL, NULL, '2018-01-04 12:58:40'),
(585, 46, 37, NULL, NULL, '2018-01-04 12:58:42'),
(586, 47, 38, NULL, NULL, '2018-01-04 12:58:47'),
(587, 46, 40, NULL, NULL, '2018-01-04 12:58:51'),
(588, 46, 38, NULL, NULL, '2018-01-04 12:58:55'),
(589, 46, 40, NULL, NULL, '2018-01-04 12:58:57'),
(590, 47, 40, NULL, NULL, '2018-01-04 12:59:02'),
(591, 47, 38, NULL, NULL, '2018-01-04 12:59:06'),
(592, 46, 38, NULL, NULL, '2018-01-04 12:59:07'),
(593, 47, 40, NULL, NULL, '2018-01-04 12:59:15'),
(594, 46, 40, NULL, NULL, '2018-01-04 12:59:17'),
(595, 46, 37, NULL, NULL, '2018-01-04 12:59:19'),
(596, 47, 38, NULL, NULL, '2018-01-04 12:59:22'),
(597, 47, 37, NULL, NULL, '2018-01-04 12:59:27'),
(598, 47, 38, NULL, NULL, '2018-01-04 12:59:29'),
(599, 46, 40, NULL, NULL, '2018-01-04 12:59:31'),
(600, 47, 40, NULL, NULL, '2018-01-04 12:59:34'),
(601, 47, 38, NULL, NULL, '2018-01-04 12:59:40'),
(602, 46, 38, NULL, NULL, '2018-01-04 12:59:42'),
(603, 46, 40, NULL, NULL, '2018-01-04 12:59:43'),
(604, 46, 38, NULL, NULL, '2018-01-04 12:59:46'),
(605, 47, 40, NULL, NULL, '2018-01-04 12:59:48'),
(606, 46, 37, NULL, NULL, '2018-01-04 12:59:57'),
(607, 47, 38, NULL, NULL, '2018-01-04 12:59:59'),
(608, 46, 38, NULL, NULL, '2018-01-04 13:00:09'),
(609, 46, 38, NULL, NULL, '2018-01-04 13:00:12'),
(610, 46, 40, NULL, NULL, '2018-01-04 13:00:16'),
(611, 46, 40, NULL, NULL, '2018-01-04 13:00:17'),
(612, 46, 38, NULL, NULL, '2018-01-04 13:00:20'),
(613, 46, 38, NULL, NULL, '2018-01-04 13:00:21'),
(614, 47, 40, NULL, NULL, '2018-01-04 13:01:10'),
(615, 46, 40, NULL, NULL, '2018-01-04 13:01:22'),
(616, 47, 38, NULL, NULL, '2018-01-04 13:02:39'),
(617, 46, 38, NULL, NULL, '2018-01-04 13:02:41'),
(618, 46, 40, NULL, NULL, '2018-01-04 13:02:43'),
(619, 47, 40, NULL, NULL, '2018-01-04 13:02:47'),
(620, 47, 38, NULL, NULL, '2018-01-04 13:03:49'),
(621, 47, 38, NULL, NULL, '2018-01-04 13:03:49'),
(622, 46, 38, NULL, NULL, '2018-01-04 13:03:52'),
(623, 46, 38, NULL, NULL, '2018-01-04 13:03:52'),
(624, 46, 40, NULL, NULL, '2018-01-04 13:03:56'),
(625, 46, 38, NULL, NULL, '2018-01-04 13:04:25'),
(626, 46, 40, NULL, NULL, '2018-01-04 13:04:33'),
(627, 47, 40, NULL, NULL, '2018-01-04 13:04:38'),
(628, 46, 38, NULL, NULL, '2018-01-04 13:04:42'),
(629, 47, 38, NULL, NULL, '2018-01-04 13:07:16'),
(630, 47, 40, NULL, NULL, '2018-01-04 13:07:22'),
(631, 46, 40, NULL, NULL, '2018-01-04 13:07:24'),
(632, 46, 38, NULL, NULL, '2018-01-04 13:07:26'),
(633, 47, 38, NULL, NULL, '2018-01-04 13:07:28'),
(634, 46, 40, NULL, NULL, '2018-01-04 13:07:51'),
(635, 47, 37, NULL, NULL, '2018-01-04 13:07:54'),
(636, 47, 38, NULL, NULL, '2018-01-04 13:08:01'),
(637, 47, 38, NULL, NULL, '2018-01-04 13:08:03'),
(638, 46, 38, NULL, NULL, '2018-01-04 13:08:10'),
(639, 46, 38, NULL, NULL, '2018-01-04 13:08:10'),
(640, 46, 40, NULL, NULL, '2018-01-04 13:08:13'),
(641, 46, 40, NULL, NULL, '2018-01-04 13:08:13'),
(642, 47, 40, NULL, NULL, '2018-01-04 13:08:20'),
(643, 47, 40, NULL, NULL, '2018-01-04 13:08:21'),
(644, 47, 38, NULL, NULL, '2018-01-04 13:08:29'),
(645, 46, 38, NULL, NULL, '2018-01-04 13:08:31'),
(646, 46, 40, NULL, NULL, '2018-01-04 13:08:34'),
(647, 47, 40, NULL, NULL, '2018-01-04 13:08:36'),
(648, 47, 38, NULL, NULL, '2018-01-04 13:08:39'),
(649, 47, 40, NULL, NULL, '2018-01-04 13:08:47'),
(650, 47, 40, NULL, NULL, '2018-01-04 13:08:48'),
(651, 47, 38, NULL, NULL, '2018-01-04 13:08:51'),
(652, 47, 38, NULL, NULL, '2018-01-04 13:08:51'),
(653, 46, 38, NULL, NULL, '2018-01-04 13:08:53'),
(654, 46, 38, NULL, NULL, '2018-01-04 13:08:53'),
(655, 46, 40, NULL, NULL, '2018-01-04 13:11:48'),
(656, 46, 40, NULL, NULL, '2018-01-04 13:11:49'),
(657, 47, 40, NULL, NULL, '2018-01-04 13:12:39'),
(658, 47, 38, NULL, NULL, '2018-01-04 13:13:14'),
(659, 46, 38, NULL, NULL, '2018-01-04 13:13:19'),
(660, 47, 40, NULL, NULL, '2018-01-04 13:13:23'),
(661, 46, 40, NULL, NULL, '2018-01-04 13:13:26'),
(662, 47, 38, NULL, NULL, '2018-01-04 13:13:34'),
(663, 47, 38, NULL, NULL, '2018-01-04 13:13:35'),
(664, 46, 38, NULL, NULL, '2018-01-04 13:13:37'),
(665, 46, 38, NULL, NULL, '2018-01-04 13:13:38'),
(666, 46, 40, NULL, NULL, '2018-01-04 13:13:41'),
(667, 46, 40, NULL, NULL, '2018-01-04 13:13:41'),
(668, 46, 38, NULL, NULL, '2018-01-04 13:13:48'),
(669, 46, 38, NULL, NULL, '2018-01-04 13:13:49'),
(670, 47, 40, NULL, NULL, '2018-01-04 13:13:55'),
(671, 47, 40, NULL, NULL, '2018-01-04 13:13:56'),
(672, 46, 37, NULL, NULL, '2018-01-04 13:14:00'),
(673, 46, 37, NULL, NULL, '2018-01-04 13:14:00'),
(674, 46, 38, NULL, NULL, '2018-01-04 13:14:06'),
(675, 46, 38, NULL, NULL, '2018-01-04 13:14:07'),
(676, 46, 38, NULL, NULL, '2018-01-04 13:14:08'),
(677, 46, 37, NULL, NULL, '2018-01-04 13:16:39'),
(678, 46, 38, NULL, NULL, '2018-01-04 13:16:44'),
(679, 46, 38, NULL, NULL, '2018-01-04 13:16:45'),
(680, 47, 38, NULL, NULL, '2018-01-04 13:17:40'),
(681, 47, 38, NULL, NULL, '2018-01-04 13:17:40'),
(682, 47, 40, NULL, NULL, '2018-01-04 13:17:48'),
(683, 47, 40, NULL, NULL, '2018-01-04 13:17:48'),
(684, 47, 38, NULL, NULL, '2018-01-04 13:19:53'),
(685, 47, 38, NULL, NULL, '2018-01-04 13:19:54'),
(686, 47, 40, NULL, NULL, '2018-01-04 13:20:00'),
(687, 47, 40, NULL, NULL, '2018-01-04 13:20:00'),
(688, 47, 40, NULL, NULL, '2018-01-04 13:20:01'),
(689, 47, 38, NULL, NULL, '2018-01-04 13:21:08'),
(690, 47, 38, NULL, NULL, '2018-01-04 13:21:08'),
(691, 47, 38, NULL, NULL, '2018-01-04 13:21:08'),
(692, 47, 40, NULL, NULL, '2018-01-04 13:21:49'),
(693, 47, 40, NULL, NULL, '2018-01-04 13:21:49'),
(694, 47, 40, NULL, NULL, '2018-01-04 13:21:50'),
(695, 46, 37, NULL, NULL, '2018-01-04 13:22:20'),
(696, 46, 37, NULL, NULL, '2018-01-04 13:22:20'),
(697, 46, 37, NULL, NULL, '2018-01-04 13:22:21'),
(698, 46, 37, NULL, NULL, '2018-01-04 13:22:22'),
(699, 46, 38, NULL, NULL, '2018-01-04 13:22:59'),
(700, 46, 38, NULL, NULL, '2018-01-04 13:22:59'),
(701, 46, 38, NULL, NULL, '2018-01-04 13:22:59'),
(702, 46, 38, NULL, NULL, '2018-01-04 13:22:59'),
(703, 46, 38, NULL, NULL, '2018-01-04 13:23:00'),
(704, 46, 38, NULL, NULL, '2018-01-04 13:23:01'),
(705, 46, 40, NULL, NULL, '2018-01-04 13:23:37'),
(706, 46, 40, NULL, NULL, '2018-01-04 13:23:38'),
(707, 46, 40, NULL, NULL, '2018-01-04 13:23:38'),
(708, 46, 40, NULL, NULL, '2018-01-04 13:23:38'),
(709, 46, 40, NULL, NULL, '2018-01-04 13:23:39'),
(710, 46, 40, NULL, NULL, '2018-01-04 13:23:39'),
(711, 46, 40, NULL, NULL, '2018-01-04 13:23:39'),
(712, 46, 40, NULL, NULL, '2018-01-04 13:23:39'),
(713, 46, 40, NULL, NULL, '2018-01-04 13:23:39'),
(714, 46, 40, NULL, NULL, '2018-01-04 13:23:40'),
(715, 47, 38, NULL, NULL, '2018-01-04 13:23:48'),
(716, 47, 38, NULL, NULL, '2018-01-04 13:23:48'),
(717, 47, 38, NULL, NULL, '2018-01-04 13:23:49'),
(718, 47, 38, NULL, NULL, '2018-01-04 13:23:49'),
(719, 47, 38, NULL, NULL, '2018-01-04 13:23:49'),
(720, 47, 38, NULL, NULL, '2018-01-04 13:23:49'),
(721, 47, 38, NULL, NULL, '2018-01-04 13:23:49'),
(722, 47, 38, NULL, NULL, '2018-01-04 13:23:49'),
(723, 47, 38, NULL, NULL, '2018-01-04 13:23:50'),
(724, 47, 38, NULL, NULL, '2018-01-04 13:23:50'),
(725, 47, 38, NULL, NULL, '2018-01-04 13:23:50'),
(726, 47, 40, NULL, NULL, '2018-01-04 13:24:00'),
(727, 46, 38, NULL, NULL, '2018-01-04 13:24:04'),
(728, 47, 38, NULL, NULL, '2018-01-04 13:24:05'),
(729, 47, 40, NULL, NULL, '2018-01-04 13:24:13'),
(730, 47, 40, NULL, NULL, '2018-01-04 13:24:14'),
(731, 46, 40, NULL, NULL, '2018-01-04 13:24:16'),
(732, 46, 40, NULL, NULL, '2018-01-04 13:24:16'),
(733, 47, 38, NULL, NULL, '2018-01-04 13:26:21'),
(734, 47, 38, NULL, NULL, '2018-01-04 13:26:21'),
(735, 46, 38, NULL, NULL, '2018-01-04 13:26:49'),
(736, 46, 38, NULL, NULL, '2018-01-04 13:26:49'),
(737, 47, 40, NULL, NULL, '2018-01-04 13:28:36'),
(738, 46, 40, NULL, NULL, '2018-01-04 13:28:37'),
(739, 46, 38, NULL, NULL, '2018-01-04 13:28:40'),
(740, 46, 40, NULL, NULL, '2018-01-04 13:28:46'),
(741, 46, 38, NULL, NULL, '2018-01-04 13:28:49'),
(742, 47, 38, NULL, NULL, '2018-01-04 13:28:51'),
(743, 47, 40, NULL, NULL, '2018-01-04 13:28:54'),
(744, 46, 40, NULL, NULL, '2018-01-04 13:28:59'),
(745, 46, 38, NULL, NULL, '2018-01-04 13:29:01'),
(746, 47, 38, NULL, NULL, '2018-01-04 13:29:03'),
(747, 47, 40, NULL, NULL, '2018-01-04 13:29:05'),
(748, 46, 40, NULL, NULL, '2018-01-04 13:29:08'),
(749, 47, 38, NULL, NULL, '2018-01-04 13:29:10'),
(750, 47, 40, NULL, NULL, '2018-01-04 13:29:16'),
(751, 47, 38, NULL, NULL, '2018-01-04 13:29:19'),
(752, 46, 38, NULL, NULL, '2018-01-04 13:29:23'),
(753, 47, 40, NULL, NULL, '2018-01-04 13:29:26'),
(754, 46, 40, NULL, NULL, '2018-01-04 13:29:29'),
(755, 46, 38, NULL, NULL, '2018-01-04 13:29:30'),
(756, 47, 38, NULL, NULL, '2018-01-04 13:29:32'),
(757, 47, 40, NULL, NULL, '2018-01-04 13:29:34'),
(758, 46, 40, NULL, NULL, '2018-01-04 13:29:36'),
(759, 46, 37, NULL, NULL, '2018-01-04 13:29:38'),
(760, 46, 38, NULL, NULL, '2018-01-04 13:29:43'),
(761, 46, 38, NULL, NULL, '2018-01-04 13:29:47'),
(762, 47, 38, NULL, NULL, '2018-01-04 13:29:51'),
(763, 47, 38, NULL, NULL, '2018-01-04 13:29:51'),
(764, 47, 40, NULL, NULL, '2018-01-04 13:30:12'),
(765, 46, 40, NULL, NULL, '2018-01-04 13:30:17'),
(766, 46, 40, NULL, NULL, '2018-01-04 13:30:17'),
(767, 46, 38, NULL, NULL, '2018-01-04 13:30:20'),
(768, 46, 38, NULL, NULL, '2018-01-04 13:30:21'),
(769, 46, 40, NULL, NULL, '2018-01-04 13:30:27'),
(770, 46, 40, NULL, NULL, '2018-01-04 13:30:27'),
(771, 47, 38, NULL, NULL, '2018-01-04 13:30:32'),
(772, 47, 38, NULL, NULL, '2018-01-04 13:30:32'),
(773, 47, 38, NULL, NULL, '2018-01-04 13:30:32'),
(774, 47, 40, NULL, NULL, '2018-01-04 13:33:07'),
(775, 47, 40, NULL, NULL, '2018-01-04 13:33:07'),
(776, 47, 40, NULL, NULL, '2018-01-04 13:33:07'),
(777, 47, 40, NULL, NULL, '2018-01-04 13:33:09'),
(778, 47, 38, NULL, NULL, '2018-01-04 13:36:39'),
(779, 47, 38, NULL, NULL, '2018-01-04 13:36:39'),
(780, 47, 38, NULL, NULL, '2018-01-04 13:36:39'),
(781, 47, 38, NULL, NULL, '2018-01-04 13:36:39'),
(782, 47, 38, NULL, NULL, '2018-01-04 13:36:39'),
(783, 46, 38, NULL, NULL, '2018-01-04 13:41:17'),
(784, 46, 38, NULL, NULL, '2018-01-04 13:41:18'),
(785, 46, 38, NULL, NULL, '2018-01-04 13:41:18'),
(786, 46, 38, NULL, NULL, '2018-01-04 13:41:18'),
(787, 46, 38, NULL, NULL, '2018-01-04 13:41:18'),
(788, 46, 38, NULL, NULL, '2018-01-04 13:41:18'),
(789, 46, 38, NULL, NULL, '2018-01-04 13:41:18'),
(790, 46, 40, NULL, NULL, '2018-01-04 13:41:21'),
(791, 46, 40, NULL, NULL, '2018-01-04 13:41:21'),
(792, 46, 40, NULL, NULL, '2018-01-04 13:41:21'),
(793, 46, 40, NULL, NULL, '2018-01-04 13:41:22'),
(794, 46, 40, NULL, NULL, '2018-01-04 13:41:22'),
(795, 46, 40, NULL, NULL, '2018-01-04 13:41:22'),
(796, 46, 40, NULL, NULL, '2018-01-04 13:41:22'),
(797, 47, 40, NULL, NULL, '2018-01-04 13:41:24'),
(798, 47, 40, NULL, NULL, '2018-01-04 13:41:24'),
(799, 47, 40, NULL, NULL, '2018-01-04 13:41:24'),
(800, 47, 40, NULL, NULL, '2018-01-04 13:41:25'),
(801, 47, 40, NULL, NULL, '2018-01-04 13:41:25'),
(802, 47, 40, NULL, NULL, '2018-01-04 13:41:25'),
(803, 47, 40, NULL, NULL, '2018-01-04 13:41:25'),
(804, 47, 38, NULL, NULL, '2018-01-04 13:41:42'),
(805, 47, 38, NULL, NULL, '2018-01-04 13:41:42'),
(806, 47, 38, NULL, NULL, '2018-01-04 13:41:42'),
(807, 47, 38, NULL, NULL, '2018-01-04 13:41:42'),
(808, 47, 38, NULL, NULL, '2018-01-04 13:41:43'),
(809, 47, 38, NULL, NULL, '2018-01-04 13:41:43'),
(810, 47, 38, NULL, NULL, '2018-01-04 13:41:43'),
(811, 46, 38, NULL, NULL, '2018-01-04 13:41:55'),
(812, 47, 40, NULL, NULL, '2018-01-04 13:42:02'),
(813, 47, 40, NULL, NULL, '2018-01-04 13:42:03'),
(814, 46, 40, NULL, NULL, '2018-01-04 13:42:08'),
(815, 46, 40, NULL, NULL, '2018-01-04 13:42:09'),
(816, 46, 38, NULL, NULL, '2018-01-04 13:42:12'),
(817, 46, 38, NULL, NULL, '2018-01-04 13:42:12'),
(818, 46, 40, NULL, NULL, '2018-01-04 13:43:20'),
(819, 46, 38, NULL, NULL, '2018-01-04 13:43:23'),
(820, 46, 40, NULL, NULL, '2018-01-04 13:43:26'),
(821, 47, 38, NULL, NULL, '2018-01-04 13:43:31'),
(822, 47, 40, NULL, NULL, '2018-01-04 13:43:37'),
(823, 47, 38, NULL, NULL, '2018-01-04 13:43:40'),
(824, 47, 40, NULL, NULL, '2018-01-04 13:43:45'),
(825, 47, 40, NULL, NULL, '2018-01-04 13:43:45'),
(826, 47, 38, NULL, NULL, '2018-01-04 13:44:13'),
(827, 46, 38, NULL, NULL, '2018-01-04 13:44:58'),
(828, 46, 38, NULL, NULL, '2018-01-04 13:45:02'),
(829, 46, 40, NULL, NULL, '2018-01-04 13:45:16'),
(830, 46, 40, NULL, NULL, '2018-01-04 13:45:16'),
(831, 46, 37, NULL, NULL, '2018-01-04 13:45:19'),
(832, 46, 37, NULL, NULL, '2018-01-04 13:45:19'),
(833, 47, 40, NULL, NULL, '2018-01-04 13:45:46'),
(834, 47, 38, NULL, NULL, '2018-01-04 13:45:53'),
(835, 47, 38, NULL, NULL, '2018-01-04 13:45:53'),
(836, 47, 40, NULL, NULL, '2018-01-04 13:46:06'),
(837, 47, 40, NULL, NULL, '2018-01-04 13:46:06'),
(838, 46, 38, NULL, NULL, '2018-01-04 13:46:10'),
(839, 46, 38, NULL, NULL, '2018-01-04 13:46:10'),
(840, 47, 38, NULL, NULL, '2018-01-04 13:46:12'),
(841, 47, 38, NULL, NULL, '2018-01-04 13:46:12'),
(842, 47, 40, NULL, NULL, '2018-01-04 13:46:24'),
(843, 47, 40, NULL, NULL, '2018-01-04 13:46:25'),
(844, 47, 40, NULL, NULL, '2018-01-04 13:46:25'),
(845, 47, 38, NULL, NULL, '2018-01-04 13:46:40'),
(846, 47, 40, NULL, NULL, '2018-01-04 13:46:42'),
(847, 46, 40, NULL, NULL, '2018-01-04 13:46:45'),
(848, 47, 38, NULL, NULL, '2018-01-04 13:46:52'),
(849, 47, 38, NULL, NULL, '2018-01-04 13:46:52'),
(850, 47, 40, NULL, NULL, '2018-01-04 13:47:19'),
(851, 47, 40, NULL, NULL, '2018-01-04 13:47:21'),
(852, 47, 38, NULL, NULL, '2018-01-04 13:52:47'),
(853, 46, 38, NULL, NULL, '2018-01-04 13:52:51'),
(854, 46, 40, NULL, NULL, '2018-01-04 13:52:54'),
(855, 46, 38, NULL, NULL, '2018-01-04 13:52:57'),
(856, 46, 37, NULL, NULL, '2018-01-04 13:53:00'),
(857, 47, 40, NULL, NULL, '2018-01-04 13:53:03'),
(858, 47, 38, NULL, NULL, '2018-01-04 13:53:12'),
(859, 47, 37, NULL, NULL, '2018-01-04 13:53:19'),
(860, 47, 37, NULL, NULL, '2018-01-04 13:53:20'),
(861, 47, 38, NULL, NULL, '2018-01-04 13:53:23'),
(862, 47, 38, NULL, NULL, '2018-01-04 13:53:24'),
(863, 46, 38, NULL, NULL, '2018-01-04 13:53:28'),
(864, 46, 38, NULL, NULL, '2018-01-04 13:53:29'),
(865, 46, 40, NULL, NULL, '2018-01-04 13:53:32'),
(866, 46, 40, NULL, NULL, '2018-01-04 13:53:33'),
(867, 47, 40, NULL, NULL, '2018-01-04 13:54:03'),
(868, 47, 38, NULL, NULL, '2018-01-04 13:54:58'),
(869, 47, 38, NULL, NULL, '2018-01-04 13:54:59'),
(870, 46, 38, NULL, NULL, '2018-01-04 13:55:06'),
(871, 46, 38, NULL, NULL, '2018-01-04 13:55:06'),
(872, 46, 40, NULL, NULL, '2018-01-04 13:55:11'),
(873, 46, 40, NULL, NULL, '2018-01-04 13:55:12'),
(874, 47, 40, NULL, NULL, '2018-01-04 13:57:53'),
(875, 47, 38, NULL, NULL, '2018-01-04 13:57:56'),
(876, 46, 38, NULL, NULL, '2018-01-04 13:57:59'),
(877, 47, 40, NULL, NULL, '2018-01-04 13:58:02'),
(878, 46, 40, NULL, NULL, '2018-01-04 13:58:11'),
(879, 47, 38, NULL, NULL, '2018-01-04 13:59:00'),
(880, 46, 38, NULL, NULL, '2018-01-04 13:59:02'),
(881, 46, 40, NULL, NULL, '2018-01-04 13:59:05'),
(882, 47, 40, NULL, NULL, '2018-01-04 13:59:10'),
(883, 47, 40, NULL, NULL, '2018-01-04 13:59:11'),
(884, 47, 38, NULL, NULL, '2018-01-04 13:59:39'),
(885, 47, 40, NULL, NULL, '2018-01-04 14:00:15'),
(886, 47, 38, NULL, NULL, '2018-01-04 14:00:40'),
(887, 47, 40, NULL, NULL, '2018-01-04 14:00:45'),
(888, 47, 38, NULL, NULL, '2018-01-04 14:00:53'),
(889, 47, 40, NULL, NULL, '2018-01-04 14:01:12'),
(890, 47, 38, NULL, NULL, '2018-01-04 14:01:56'),
(891, 47, 38, NULL, NULL, '2018-01-04 14:01:57'),
(892, 46, 38, NULL, NULL, '2018-01-04 14:08:16'),
(893, 47, 40, NULL, NULL, '2018-01-04 14:29:19'),
(894, 46, 37, NULL, NULL, '2018-01-04 14:53:17'),
(895, 46, 38, NULL, NULL, '2018-01-04 15:07:44'),
(896, 47, 38, NULL, NULL, '2018-01-04 15:07:47'),
(897, 46, 40, NULL, NULL, '2018-01-04 15:07:50'),
(898, 46, 38, NULL, NULL, '2018-01-04 15:10:27'),
(899, 47, 40, NULL, NULL, '2018-01-04 15:12:47'),
(900, 47, 40, NULL, NULL, '2018-01-04 15:12:48'),
(901, 47, 40, NULL, NULL, '2018-01-04 15:12:48'),
(902, 47, 40, NULL, NULL, '2018-01-04 15:12:48'),
(903, 47, 40, NULL, NULL, '2018-01-04 15:12:48'),
(904, 47, 40, NULL, NULL, '2018-01-04 15:12:48'),
(905, 47, 40, NULL, NULL, '2018-01-04 15:12:49'),
(906, 47, 40, NULL, NULL, '2018-01-04 15:12:49'),
(907, 46, 40, NULL, NULL, '2018-01-04 15:12:51'),
(908, 46, 40, NULL, NULL, '2018-01-04 15:12:51'),
(909, 46, 40, NULL, NULL, '2018-01-04 15:12:52'),
(910, 46, 40, NULL, NULL, '2018-01-04 15:12:52'),
(911, 46, 40, NULL, NULL, '2018-01-04 15:12:52'),
(912, 46, 40, NULL, NULL, '2018-01-04 15:12:52'),
(913, 46, 40, NULL, NULL, '2018-01-04 15:12:53'),
(914, 46, 40, NULL, NULL, '2018-01-04 15:12:56'),
(915, 46, 38, NULL, NULL, '2018-01-04 15:13:18'),
(916, 46, 38, NULL, NULL, '2018-01-04 15:13:18'),
(917, 46, 38, NULL, NULL, '2018-01-04 15:13:18'),
(918, 46, 38, NULL, NULL, '2018-01-04 15:13:18'),
(919, 46, 38, NULL, NULL, '2018-01-04 15:13:18'),
(920, 46, 38, NULL, NULL, '2018-01-04 15:13:18'),
(921, 46, 38, NULL, NULL, '2018-01-04 15:13:19'),
(922, 46, 38, NULL, NULL, '2018-01-04 15:13:19'),
(923, 46, 40, NULL, NULL, '2018-01-04 15:13:31'),
(924, 46, 38, NULL, NULL, '2018-01-04 15:13:35'),
(925, 47, 37, NULL, NULL, '2018-01-04 15:13:37'),
(926, 46, 40, NULL, NULL, '2018-01-04 15:13:39'),
(927, 47, 38, NULL, NULL, '2018-01-04 15:13:47'),
(928, 46, 38, NULL, NULL, '2018-01-04 15:14:27'),
(929, 46, 40, NULL, NULL, '2018-01-04 15:14:38'),
(930, 47, 40, NULL, NULL, '2018-01-04 15:14:41'),
(931, 47, 38, NULL, NULL, '2018-01-04 15:14:48'),
(932, 47, 38, NULL, NULL, '2018-01-04 15:14:49'),
(933, 46, 37, NULL, NULL, '2018-01-04 15:14:52'),
(934, 46, 37, NULL, NULL, '2018-01-04 15:14:52'),
(935, 47, 40, NULL, NULL, '2018-01-04 15:15:04'),
(936, 47, 40, NULL, NULL, '2018-01-04 15:15:04'),
(937, 46, 38, NULL, NULL, '2018-01-04 15:15:07'),
(938, 46, 38, NULL, NULL, '2018-01-04 15:15:07'),
(939, 46, 40, NULL, NULL, '2018-01-04 15:15:10'),
(940, 46, 40, NULL, NULL, '2018-01-04 15:15:10'),
(941, 46, 38, NULL, NULL, '2018-01-04 15:15:12'),
(942, 46, 38, NULL, NULL, '2018-01-04 15:15:12'),
(943, 47, 38, NULL, NULL, '2018-01-04 15:15:14'),
(944, 47, 38, NULL, NULL, '2018-01-04 15:15:14'),
(945, 46, 37, NULL, NULL, '2018-01-04 15:15:17'),
(946, 46, 37, NULL, NULL, '2018-01-04 15:15:17'),
(947, 47, 40, NULL, NULL, '2018-01-04 15:15:24'),
(948, 47, 40, NULL, NULL, '2018-01-04 15:15:24'),
(949, 46, 38, NULL, NULL, '2018-01-04 15:15:29'),
(950, 46, 38, NULL, NULL, '2018-01-04 15:15:29'),
(951, 47, 41, NULL, NULL, '2018-01-04 15:16:25'),
(952, 47, 41, NULL, NULL, '2018-01-04 15:16:26'),
(953, 46, 40, NULL, NULL, '2018-01-04 15:16:30'),
(954, 46, 40, NULL, NULL, '2018-01-04 15:16:30'),
(955, 46, 38, NULL, NULL, '2018-01-04 15:16:40'),
(956, 46, 38, NULL, NULL, '2018-01-04 15:16:40'),
(957, 47, 40, NULL, NULL, '2018-01-04 15:16:43'),
(958, 47, 40, NULL, NULL, '2018-01-04 15:16:43'),
(959, 46, 37, NULL, NULL, '2018-01-04 15:26:47'),
(960, 47, 38, NULL, NULL, '2018-01-04 15:26:51'),
(961, 47, 40, NULL, NULL, '2018-01-04 15:26:53'),
(962, 46, 38, NULL, NULL, '2018-01-04 15:26:59'),
(963, 46, 37, NULL, NULL, '2018-01-04 15:27:29'),
(964, 46, 37, NULL, NULL, '2018-01-04 15:27:33'),
(965, 47, 38, NULL, NULL, '2018-01-04 15:27:35'),
(966, 47, 38, NULL, NULL, '2018-01-04 15:27:36'),
(967, 47, 40, NULL, NULL, '2018-01-04 15:27:39'),
(968, 47, 40, NULL, NULL, '2018-01-04 15:27:39'),
(969, 46, 38, NULL, NULL, '2018-01-04 15:27:45'),
(970, 46, 38, NULL, NULL, '2018-01-04 15:27:45'),
(971, 46, 37, NULL, NULL, '2018-01-04 15:28:00'),
(972, 46, 37, NULL, NULL, '2018-01-04 15:28:03'),
(973, 47, 38, NULL, NULL, '2018-01-04 15:28:06'),
(974, 47, 38, NULL, NULL, '2018-01-04 15:28:06'),
(975, 47, 40, NULL, NULL, '2018-01-04 15:28:14'),
(976, 47, 40, NULL, NULL, '2018-01-04 15:28:14'),
(977, 46, 38, NULL, NULL, '2018-01-04 15:28:18'),
(978, 46, 38, NULL, NULL, '2018-01-04 15:28:18'),
(979, 46, 37, NULL, NULL, '2018-01-04 15:37:15'),
(980, 46, 37, NULL, NULL, '2018-01-04 15:37:16'),
(981, 47, 38, NULL, NULL, '2018-01-04 15:37:18'),
(982, 47, 38, NULL, NULL, '2018-01-04 15:37:19'),
(983, 47, 40, NULL, NULL, '2018-01-04 15:37:25'),
(984, 47, 40, NULL, NULL, '2018-01-04 15:37:26'),
(985, 47, 40, NULL, NULL, '2018-01-04 15:37:27'),
(986, 47, 38, NULL, NULL, '2018-01-04 15:38:28'),
(987, 47, 40, NULL, NULL, '2018-01-04 15:38:31'),
(988, 46, 38, NULL, NULL, '2018-01-04 15:38:34'),
(989, 47, 38, NULL, NULL, '2018-01-04 15:38:38'),
(990, 47, 40, NULL, NULL, '2018-01-04 15:38:41'),
(991, 46, 40, NULL, NULL, '2018-01-04 15:38:44'),
(992, 47, 38, NULL, NULL, '2018-01-04 15:38:48'),
(993, 46, 38, NULL, NULL, '2018-01-04 15:38:50'),
(994, 47, 37, NULL, NULL, '2018-01-04 15:38:54'),
(995, 46, 40, NULL, NULL, '2018-01-04 15:38:56'),
(996, 47, 38, NULL, NULL, '2018-01-04 15:39:00'),
(997, 46, 38, NULL, NULL, '2018-01-04 15:39:01'),
(998, 47, 37, NULL, NULL, '2018-01-04 15:39:26'),
(999, 46, 40, NULL, NULL, '2018-01-04 15:39:30'),
(1000, 47, 38, NULL, NULL, '2018-01-04 15:39:43'),
(1001, 47, 38, NULL, NULL, '2018-01-04 15:39:44'),
(1002, 47, 40, NULL, NULL, '2018-01-04 15:39:54'),
(1003, 47, 40, NULL, NULL, '2018-01-04 15:39:55'),
(1004, 47, 38, NULL, NULL, '2018-01-04 15:39:58'),
(1005, 47, 38, NULL, NULL, '2018-01-04 15:39:58'),
(1006, 46, 38, NULL, NULL, '2018-01-04 15:40:08'),
(1007, 46, 38, NULL, NULL, '2018-01-04 15:40:08'),
(1008, 46, 40, NULL, NULL, '2018-01-04 15:40:28'),
(1009, 46, 40, NULL, NULL, '2018-01-04 15:40:28'),
(1010, 47, 37, NULL, NULL, '2018-01-04 15:40:44'),
(1011, 47, 37, NULL, NULL, '2018-01-04 15:40:44'),
(1012, 46, 38, NULL, NULL, '2018-01-04 15:40:50'),
(1013, 46, 38, NULL, NULL, '2018-01-04 15:40:51'),
(1014, 46, 40, NULL, NULL, '2018-01-04 15:41:05'),
(1015, 46, 40, NULL, NULL, '2018-01-04 15:41:05'),
(1016, 47, 38, NULL, NULL, '2018-01-04 15:41:09'),
(1017, 47, 38, NULL, NULL, '2018-01-04 15:41:09'),
(1018, 47, 37, NULL, NULL, '2018-01-04 15:41:17'),
(1019, 47, 37, NULL, NULL, '2018-01-04 15:41:18'),
(1020, 46, 38, NULL, NULL, '2018-01-04 15:41:23'),
(1021, 46, 38, NULL, NULL, '2018-01-04 15:41:23'),
(1022, 46, 40, NULL, NULL, '2018-01-04 15:41:56'),
(1023, 46, 40, NULL, NULL, '2018-01-04 15:41:57'),
(1024, 47, 40, NULL, NULL, '2018-01-04 15:42:01'),
(1025, 47, 40, NULL, NULL, '2018-01-04 15:42:02'),
(1026, 47, 38, NULL, NULL, '2018-01-04 15:42:07'),
(1027, 47, 38, NULL, NULL, '2018-01-04 15:42:07'),
(1028, 46, 37, NULL, NULL, '2018-01-04 15:42:11'),
(1029, 46, 37, NULL, NULL, '2018-01-04 15:42:11'),
(1030, 47, 37, NULL, NULL, '2018-01-04 15:42:18'),
(1031, 47, 37, NULL, NULL, '2018-01-04 15:42:18'),
(1032, 47, 38, NULL, NULL, '2018-01-04 15:42:25'),
(1033, 47, 38, NULL, NULL, '2018-01-04 15:42:26'),
(1034, 47, 38, NULL, NULL, '2018-01-04 15:42:26'),
(1035, 46, 38, NULL, NULL, '2018-01-04 15:42:28'),
(1036, 46, 38, NULL, NULL, '2018-01-04 15:42:29'),
(1037, 46, 38, NULL, NULL, '2018-01-04 15:42:29'),
(1038, 47, 37, NULL, NULL, '2018-01-04 15:44:51'),
(1039, 46, 40, NULL, NULL, '2018-01-04 15:44:55'),
(1040, 46, 40, NULL, NULL, '2018-01-04 15:44:56'),
(1041, 46, 38, NULL, NULL, '2018-01-04 15:45:01'),
(1042, 46, 38, NULL, NULL, '2018-01-04 15:45:01'),
(1043, 46, 37, NULL, NULL, '2018-01-04 15:45:07'),
(1044, 46, 37, NULL, NULL, '2018-01-04 15:45:08'),
(1045, 46, 37, NULL, NULL, '2018-01-04 15:45:08'),
(1046, 47, 38, NULL, NULL, '2018-01-04 15:45:15'),
(1047, 47, 38, NULL, NULL, '2018-01-04 15:45:15'),
(1048, 47, 38, NULL, NULL, '2018-01-04 15:45:15'),
(1049, 47, 38, NULL, NULL, '2018-01-04 15:45:15'),
(1050, 47, 38, NULL, NULL, '2018-01-04 15:45:16'),
(1051, 47, 40, NULL, NULL, '2018-01-04 15:52:31'),
(1052, 46, 40, NULL, NULL, '2018-01-04 15:52:34'),
(1053, 47, 38, NULL, NULL, '2018-01-04 15:52:41'),
(1054, 47, 38, NULL, NULL, '2018-01-04 15:52:41'),
(1055, 47, 37, NULL, NULL, '2018-01-04 15:55:50'),
(1056, 47, 37, NULL, NULL, '2018-01-04 15:55:50'),
(1057, 47, 38, NULL, NULL, '2018-01-04 15:55:56'),
(1058, 47, 38, NULL, NULL, '2018-01-04 15:55:56'),
(1059, 47, 38, NULL, NULL, '2018-01-04 15:55:56'),
(1060, 47, 37, NULL, NULL, '2018-01-04 15:56:05'),
(1061, 46, 37, NULL, NULL, '2018-01-04 15:56:07'),
(1062, 46, 38, NULL, NULL, '2018-01-04 15:56:09'),
(1063, 47, 38, NULL, NULL, '2018-01-04 15:56:11'),
(1064, 47, 40, NULL, NULL, '2018-01-04 15:56:15'),
(1065, 46, 40, NULL, NULL, '2018-01-04 15:56:18'),
(1066, 47, 38, NULL, NULL, '2018-01-04 15:56:20'),
(1067, 46, 38, NULL, NULL, '2018-01-04 15:56:22'),
(1068, 46, 40, NULL, NULL, '2018-01-04 15:56:24'),
(1069, 47, 40, NULL, NULL, '2018-01-04 15:56:27'),
(1070, 46, 38, NULL, NULL, '2018-01-04 15:56:30'),
(1071, 47, 38, NULL, NULL, '2018-01-04 15:56:33'),
(1072, 47, 40, NULL, NULL, '2018-01-04 15:56:43'),
(1073, 47, 40, NULL, NULL, '2018-01-04 15:56:43'),
(1074, 46, 40, NULL, NULL, '2018-01-04 15:56:50'),
(1075, 46, 40, NULL, NULL, '2018-01-04 15:56:50'),
(1076, 46, 40, NULL, NULL, '2018-01-04 15:56:50'),
(1077, 47, 38, NULL, NULL, '2018-01-04 15:56:53'),
(1078, 47, 38, NULL, NULL, '2018-01-04 15:56:54'),
(1079, 47, 38, NULL, NULL, '2018-01-04 15:56:54'),
(1080, 46, 38, NULL, NULL, '2018-01-04 15:57:03'),
(1081, 46, 38, NULL, NULL, '2018-01-04 15:57:03'),
(1082, 46, 38, NULL, NULL, '2018-01-04 15:57:03'),
(1083, 46, 37, NULL, NULL, '2018-01-04 15:57:11'),
(1084, 46, 37, NULL, NULL, '2018-01-04 15:57:11'),
(1085, 46, 37, NULL, NULL, '2018-01-04 15:57:11'),
(1086, 47, 40, NULL, NULL, '2018-01-04 15:57:14'),
(1087, 47, 40, NULL, NULL, '2018-01-04 15:57:14'),
(1088, 47, 40, NULL, NULL, '2018-01-04 15:57:14'),
(1089, 46, 38, NULL, NULL, '2018-01-04 15:58:05'),
(1090, 46, 38, NULL, NULL, '2018-01-04 15:58:06'),
(1091, 46, 38, NULL, NULL, '2018-01-04 15:58:06'),
(1092, 46, 38, NULL, NULL, '2018-01-04 15:58:06'),
(1093, 47, 38, NULL, NULL, '2018-01-04 15:58:09'),
(1094, 47, 38, NULL, NULL, '2018-01-04 15:58:09'),
(1095, 47, 38, NULL, NULL, '2018-01-04 15:58:09'),
(1096, 47, 38, NULL, NULL, '2018-01-04 15:58:10'),
(1097, 46, 40, NULL, NULL, '2018-01-04 15:58:18'),
(1098, 46, 40, NULL, NULL, '2018-01-04 15:58:18'),
(1099, 46, 40, NULL, NULL, '2018-01-04 15:58:18'),
(1100, 46, 40, NULL, NULL, '2018-01-04 15:58:19'),
(1101, 47, 40, NULL, NULL, '2018-01-04 15:58:26'),
(1102, 47, 40, NULL, NULL, '2018-01-04 15:58:27'),
(1103, 47, 40, NULL, NULL, '2018-01-04 15:58:27'),
(1104, 47, 40, NULL, NULL, '2018-01-04 15:58:27'),
(1105, 47, 40, NULL, NULL, '2018-01-04 15:58:27'),
(1106, 46, 38, NULL, NULL, '2018-01-04 15:58:30'),
(1107, 46, 38, NULL, NULL, '2018-01-04 15:58:30'),
(1108, 46, 38, NULL, NULL, '2018-01-04 15:58:30'),
(1109, 46, 38, NULL, NULL, '2018-01-04 15:58:31'),
(1110, 46, 38, NULL, NULL, '2018-01-04 15:58:31'),
(1111, 46, 37, NULL, NULL, '2018-01-04 15:58:40'),
(1112, 46, 38, NULL, NULL, '2018-01-04 15:58:46'),
(1113, 46, 38, NULL, NULL, '2018-01-04 15:58:47'),
(1114, 46, 40, NULL, NULL, '2018-01-04 15:58:51'),
(1115, 46, 40, NULL, NULL, '2018-01-04 15:58:52'),
(1116, 47, 38, NULL, NULL, '2018-01-04 15:58:55'),
(1117, 47, 38, NULL, NULL, '2018-01-04 15:58:55'),
(1118, 46, 38, NULL, NULL, '2018-01-04 15:58:58'),
(1119, 46, 38, NULL, NULL, '2018-01-04 15:58:58'),
(1120, 47, 40, NULL, NULL, '2018-01-04 15:59:04'),
(1121, 47, 40, NULL, NULL, '2018-01-04 15:59:05'),
(1122, 46, 40, NULL, NULL, '2018-01-04 15:59:07'),
(1123, 46, 40, NULL, NULL, '2018-01-04 15:59:07'),
(1124, 47, 38, NULL, NULL, '2018-01-04 16:10:37'),
(1125, 46, 38, NULL, NULL, '2018-01-04 16:10:38'),
(1126, 46, 40, NULL, NULL, '2018-01-04 16:10:40'),
(1127, 47, 40, NULL, NULL, '2018-01-04 16:10:43'),
(1128, 47, 38, NULL, NULL, '2018-01-04 16:10:53'),
(1129, 46, 38, NULL, NULL, '2018-01-04 16:10:55'),
(1130, 46, 40, NULL, NULL, '2018-01-04 16:10:59'),
(1131, 47, 40, NULL, NULL, '2018-01-04 16:11:01'),
(1132, 47, 38, NULL, NULL, '2018-01-04 16:11:06'),
(1133, 47, 38, NULL, NULL, '2018-01-04 16:11:07'),
(1134, 47, 40, NULL, NULL, '2018-01-04 16:11:24'),
(1135, 47, 40, NULL, NULL, '2018-01-04 16:11:24'),
(1136, 47, 38, NULL, NULL, '2018-01-04 16:11:27'),
(1137, 47, 38, NULL, NULL, '2018-01-04 16:11:27'),
(1138, 46, 38, NULL, NULL, '2018-01-04 16:11:29'),
(1139, 46, 38, NULL, NULL, '2018-01-04 16:11:29'),
(1140, 46, 40, NULL, NULL, '2018-01-04 16:11:35'),
(1141, 46, 40, NULL, NULL, '2018-01-04 16:11:36'),
(1142, 46, 38, NULL, NULL, '2018-01-04 16:17:45'),
(1143, 46, 38, NULL, NULL, '2018-01-04 16:17:46'),
(1144, 46, 38, NULL, NULL, '2018-01-04 16:17:46'),
(1145, 47, 40, NULL, NULL, '2018-01-04 16:17:56'),
(1146, 47, 40, NULL, NULL, '2018-01-04 16:17:56'),
(1147, 47, 40, NULL, NULL, '2018-01-04 16:17:57'),
(1148, 46, 37, NULL, NULL, '2018-01-04 16:18:03'),
(1149, 46, 37, NULL, NULL, '2018-01-04 16:18:03'),
(1150, 46, 37, NULL, NULL, '2018-01-04 16:18:03'),
(1151, 46, 37, NULL, NULL, '2018-01-04 16:18:04'),
(1152, 47, 38, NULL, NULL, '2018-01-04 16:18:08'),
(1153, 47, 38, NULL, NULL, '2018-01-04 16:18:09'),
(1154, 47, 38, NULL, NULL, '2018-01-04 16:18:09'),
(1155, 47, 38, NULL, NULL, '2018-01-04 16:18:11'),
(1156, 47, 40, NULL, NULL, '2018-01-04 16:18:15'),
(1157, 47, 40, NULL, NULL, '2018-01-04 16:18:15'),
(1158, 47, 40, NULL, NULL, '2018-01-04 16:18:15'),
(1159, 47, 40, NULL, NULL, '2018-01-04 16:18:15'),
(1160, 46, 38, NULL, NULL, '2018-01-04 16:18:19'),
(1161, 46, 38, NULL, NULL, '2018-01-04 16:18:19'),
(1162, 46, 38, NULL, NULL, '2018-01-04 16:18:19'),
(1163, 46, 38, NULL, NULL, '2018-01-04 16:18:19'),
(1164, 47, 38, NULL, NULL, '2018-01-04 16:18:23'),
(1165, 47, 38, NULL, NULL, '2018-01-04 16:18:23'),
(1166, 47, 38, NULL, NULL, '2018-01-04 16:18:23'),
(1167, 47, 38, NULL, NULL, '2018-01-04 16:18:24'),
(1168, 47, 40, NULL, NULL, '2018-01-04 16:18:32'),
(1169, 47, 40, NULL, NULL, '2018-01-04 16:18:32'),
(1170, 47, 40, NULL, NULL, '2018-01-04 16:18:32'),
(1171, 47, 40, NULL, NULL, '2018-01-04 16:18:33'),
(1172, 46, 37, NULL, NULL, '2018-01-04 16:18:38'),
(1173, 46, 37, NULL, NULL, '2018-01-04 16:18:39'),
(1174, 46, 37, NULL, NULL, '2018-01-04 16:18:39'),
(1175, 46, 37, NULL, NULL, '2018-01-04 16:18:40'),
(1176, 47, 37, NULL, NULL, '2018-01-04 16:26:25'),
(1177, 47, 37, NULL, NULL, '2018-01-04 16:26:27'),
(1178, 46, 38, NULL, NULL, '2018-01-04 16:26:31'),
(1179, 46, 38, NULL, NULL, '2018-01-04 16:26:31'),
(1180, 46, 37, NULL, NULL, '2018-01-04 16:32:17'),
(1181, 46, 37, NULL, NULL, '2018-01-04 16:32:17'),
(1182, 47, 38, NULL, NULL, '2018-01-04 16:33:35'),
(1183, 46, 38, NULL, NULL, '2018-01-04 16:33:38'),
(1184, 47, 40, NULL, NULL, '2018-01-04 16:33:45'),
(1185, 46, 40, NULL, NULL, '2018-01-04 16:33:49'),
(1186, 47, 38, NULL, NULL, '2018-01-04 16:33:54'),
(1187, 46, 38, NULL, NULL, '2018-01-04 16:33:56'),
(1188, 47, 40, NULL, NULL, '2018-01-04 16:34:04'),
(1189, 46, 40, NULL, NULL, '2018-01-04 16:34:10'),
(1190, 46, 40, NULL, NULL, '2018-01-04 16:34:10'),
(1191, 46, 38, NULL, NULL, '2018-01-04 16:34:13'),
(1192, 46, 38, NULL, NULL, '2018-01-04 16:34:13'),
(1193, 46, 40, NULL, NULL, '2018-01-04 16:34:17'),
(1194, 46, 40, NULL, NULL, '2018-01-04 16:34:17'),
(1195, 46, 40, NULL, NULL, '2018-01-04 16:34:18'),
(1196, 47, 38, NULL, NULL, '2018-01-04 16:35:33'),
(1197, 46, 38, NULL, NULL, '2018-01-04 16:35:37'),
(1198, 46, 40, NULL, NULL, '2018-01-04 16:35:40'),
(1199, 47, 40, NULL, NULL, '2018-01-04 16:35:45'),
(1200, 47, 38, NULL, NULL, '2018-01-04 16:35:54'),
(1201, 46, 38, NULL, NULL, '2018-01-04 16:35:56'),
(1202, 47, 40, NULL, NULL, '2018-01-04 16:35:58'),
(1203, 46, 40, NULL, NULL, '2018-01-04 16:36:01'),
(1204, 47, 38, NULL, NULL, '2018-01-04 16:36:08'),
(1205, 46, 38, NULL, NULL, '2018-01-04 16:36:11'),
(1206, 47, 40, NULL, NULL, '2018-01-04 16:36:18'),
(1207, 47, 40, NULL, NULL, '2018-01-04 16:36:19'),
(1208, 46, 40, NULL, NULL, '2018-01-04 16:36:27'),
(1209, 46, 40, NULL, NULL, '2018-01-04 16:36:28'),
(1210, 46, 40, NULL, NULL, '2018-01-04 16:36:28'),
(1211, 47, 38, NULL, NULL, '2018-01-04 16:37:01'),
(1212, 47, 38, NULL, NULL, '2018-01-04 16:37:01'),
(1213, 47, 38, NULL, NULL, '2018-01-04 16:37:02'),
(1214, 46, 38, NULL, NULL, '2018-01-04 16:37:04'),
(1215, 46, 38, NULL, NULL, '2018-01-04 16:37:04'),
(1216, 46, 38, NULL, NULL, '2018-01-04 16:37:04'),
(1217, 47, 40, NULL, NULL, '2018-01-04 17:13:34'),
(1218, 47, 40, NULL, NULL, '2018-01-04 17:13:34'),
(1219, 47, 40, NULL, NULL, '2018-01-04 17:13:34'),
(1220, 47, 40, NULL, NULL, '2018-01-04 17:13:34'),
(1221, 47, 40, NULL, NULL, '2018-01-04 17:13:34'),
(1222, 46, 40, NULL, NULL, '2018-01-04 17:13:39'),
(1223, 46, 40, NULL, NULL, '2018-01-04 17:13:39'),
(1224, 46, 40, NULL, NULL, '2018-01-04 17:13:39'),
(1225, 46, 40, NULL, NULL, '2018-01-04 17:13:40'),
(1226, 46, 40, NULL, NULL, '2018-01-04 17:13:40'),
(1227, 46, 40, NULL, NULL, '2018-01-04 17:13:40'),
(1228, 47, 38, NULL, NULL, '2018-01-04 17:39:42'),
(1229, 46, 38, NULL, NULL, '2018-01-04 17:39:44'),
(1230, 47, 40, NULL, NULL, '2018-01-04 17:40:01'),
(1231, 47, 40, NULL, NULL, '2018-01-04 17:40:01'),
(1232, 47, 41, NULL, NULL, '2018-01-04 17:40:04'),
(1233, 47, 41, NULL, NULL, '2018-01-04 17:40:04'),
(1234, 46, 37, NULL, NULL, '2018-01-04 17:40:18'),
(1235, 46, 37, NULL, NULL, '2018-01-04 17:40:18'),
(1236, 46, 37, NULL, NULL, '2018-01-04 17:40:19'),
(1237, 47, 37, NULL, NULL, '2018-01-04 17:40:22'),
(1238, 47, 37, NULL, NULL, '2018-01-04 17:40:22'),
(1239, 47, 37, NULL, NULL, '2018-01-04 17:40:22'),
(1240, 47, 38, NULL, NULL, '2018-01-04 17:40:52'),
(1241, 47, 40, NULL, NULL, '2018-01-04 17:42:59'),
(1242, 46, 38, NULL, NULL, '2018-01-04 17:43:03'),
(1243, 47, 38, NULL, NULL, '2018-01-04 17:43:07'),
(1244, 47, 37, NULL, NULL, '2018-01-04 17:43:20'),
(1245, 47, 37, NULL, NULL, '2018-01-04 17:43:21'),
(1246, 47, 37, NULL, NULL, '2018-01-04 17:43:22'),
(1247, 47, 37, NULL, NULL, '2018-01-04 17:43:22'),
(1248, 46, 37, NULL, NULL, '2018-01-04 17:43:26'),
(1249, 46, 37, NULL, NULL, '2018-01-04 17:43:26'),
(1250, 46, 37, NULL, NULL, '2018-01-04 17:43:26'),
(1251, 46, 37, NULL, NULL, '2018-01-04 17:43:26'),
(1252, 46, 38, NULL, NULL, '2018-01-04 17:43:38'),
(1253, 46, 38, NULL, NULL, '2018-01-04 17:43:38'),
(1254, 46, 38, NULL, NULL, '2018-01-04 17:43:38'),
(1255, 46, 38, NULL, NULL, '2018-01-04 17:43:39'),
(1256, 47, 38, NULL, NULL, '2018-01-04 17:46:18'),
(1257, 47, 38, NULL, NULL, '2018-01-04 17:46:18'),
(1258, 47, 38, NULL, NULL, '2018-01-04 17:46:19'),
(1259, 46, 40, NULL, NULL, '2018-01-04 17:46:55'),
(1260, 46, 40, NULL, NULL, '2018-01-04 17:46:55'),
(1261, 46, 40, NULL, NULL, '2018-01-04 17:46:55'),
(1262, 64, 40, NULL, NULL, '2018-01-21 11:42:52'),
(1263, 64, 40, NULL, NULL, '2018-01-21 11:42:52'),
(1264, 63, 40, NULL, NULL, '2018-01-21 11:42:55'),
(1265, 63, 40, NULL, NULL, '2018-01-21 11:42:56'),
(1266, 62, 41, NULL, NULL, '2018-01-21 11:43:01'),
(1267, 62, 41, NULL, NULL, '2018-01-21 11:43:01'),
(1268, 61, 37, NULL, NULL, '2018-01-21 11:43:40'),
(1269, 61, 37, NULL, NULL, '2018-01-21 11:43:40'),
(1270, 61, 37, NULL, NULL, '2018-01-21 11:43:41'),
(1271, 61, 38, NULL, NULL, '2018-01-21 11:44:04'),
(1272, 61, 38, NULL, NULL, '2018-01-21 11:44:04'),
(1273, 61, 38, NULL, NULL, '2018-01-21 11:44:04'),
(1274, 61, 38, NULL, NULL, '2018-01-21 11:44:05'),
(1275, 62, 51, NULL, NULL, '2018-01-21 11:44:20'),
(1276, 62, 51, NULL, NULL, '2018-01-21 11:44:20'),
(1277, 62, 51, NULL, NULL, '2018-01-21 11:44:20'),
(1278, 62, 51, NULL, NULL, '2018-01-21 11:44:21'),
(1279, 62, 51, NULL, NULL, '2018-01-21 11:44:21'),
(1280, 61, 37, NULL, NULL, '2018-01-21 13:59:08'),
(1281, 64, 38, NULL, NULL, '2018-01-21 13:59:12'),
(1282, 63, 38, NULL, NULL, '2018-01-21 14:35:11'),
(1283, 64, 37, NULL, NULL, '2018-01-21 14:35:33'),
(1284, 64, 40, NULL, NULL, '2018-01-24 10:26:18'),
(1285, 66, 40, NULL, NULL, '2018-01-24 10:26:21'),
(1286, 63, 40, NULL, NULL, '2018-01-24 10:26:24'),
(1287, 61, 40, NULL, NULL, '2018-01-24 10:26:26'),
(1288, 64, 41, NULL, NULL, '2018-01-24 10:29:22'),
(1289, 63, 38, NULL, NULL, '2018-01-28 11:49:37'),
(1290, 63, 38, NULL, NULL, '2018-01-28 11:49:38'),
(1291, 63, 37, NULL, NULL, '2018-01-28 11:49:47'),
(1292, 63, 37, NULL, NULL, '2018-01-28 11:49:57'),
(1293, 61, 38, NULL, NULL, '2018-01-28 14:45:08'),
(1294, 66, 38, NULL, NULL, '2018-01-28 14:45:11'),
(1295, 63, 40, NULL, NULL, '2018-01-28 14:45:14'),
(1296, 66, 40, NULL, NULL, '2018-01-28 14:45:18'),
(1297, 68, 41, NULL, NULL, '2018-01-28 14:45:22'),
(1298, 68, 37, NULL, NULL, '2018-01-28 14:45:27'),
(1299, 64, 40, NULL, NULL, '2018-01-28 14:45:32'),
(1300, 70, 0, NULL, NULL, '2018-01-28 14:55:42'),
(1301, 72, 37, NULL, NULL, '2018-01-28 15:22:24'),
(1302, 72, 37, NULL, NULL, '2018-01-28 15:22:25'),
(1303, 61, 37, NULL, NULL, '2018-01-28 15:22:34'),
(1304, 61, 37, NULL, NULL, '2018-01-28 15:22:38'),
(1305, 71, 37, NULL, 'bdfggfdgf', '2018-02-19 15:55:35'),
(1306, 71, 38, NULL, 'ok', '2018-02-19 15:56:10'),
(1307, 75, 0, NULL, '20-3-2018', '2018-03-20 15:34:08'),
(1308, 74, 0, NULL, 'testing comment', '2018-03-20 15:37:34');

-- --------------------------------------------------------

--
-- Table structure for table `new`
--

CREATE TABLE `new` (
  `id` int(11) NOT NULL,
  `name` varchar(255) NOT NULL,
  `value` int(11) DEFAULT NULL
) ENGINE=MyISAM DEFAULT CHARSET=utf8;

--
-- Dumping data for table `new`
--

INSERT INTO `new` (`id`, `name`, `value`) VALUES
(39, 'View Taskboard', 39),
(25, 'View all products', 25),
(4, 'View all services', 4),
(19, 'View leads', 19),
(30, 'View all departments', 30),
(6, 'View all roles', 6),
(34, 'View all marketing channels', 34),
(9, 'View all leads stages', 9),
(38, 'View all employees', 38),
(10, 'Add lead', 10),
(11, 'Assign lead', 11),
(12, 'Change lead status', 12),
(13, 'Edit lead', 13),
(14, 'View lead', 14),
(15, 'Delete lead', 15),
(22, 'Add product type', 22),
(23, 'Edit product type', 23),
(24, 'Delete product type', 24),
(26, 'Add product', 26),
(20, 'Edit product', 20),
(21, 'Delete product', 21),
(1, 'Add service', 1),
(2, 'Edit service', 2),
(3, 'Delete service', 3),
(27, 'Add department', 27),
(28, 'Edit department', 28),
(29, 'Delete department', 29),
(5, 'Add role', 5),
(7, 'Edit role', 7),
(8, 'Delete role', 8),
(31, 'Add marketing channel', 31),
(32, 'Edit marketing channel', 32),
(33, 'Delete marketing channel', 33),
(16, 'Add lead stage', 16),
(17, 'Edit lead stage', 17),
(18, 'Delete lead stage', 18),
(35, 'Add employee', 35),
(36, 'Edit employee', 36),
(37, 'Delete employee', 37);

-- --------------------------------------------------------

--
-- Table structure for table `notifications`
--

CREATE TABLE `notifications` (
  `id` int(255) NOT NULL,
  `text` varchar(255) NOT NULL,
  `user_id` int(255) NOT NULL,
  `date` timestamp NOT NULL DEFAULT CURRENT_TIMESTAMP ON UPDATE CURRENT_TIMESTAMP
) ENGINE=MyISAM DEFAULT CHARSET=utf8;

-- --------------------------------------------------------

--
-- Table structure for table `payments`
--

CREATE TABLE `payments` (
  `id` int(11) NOT NULL,
  `name` varchar(255) DEFAULT NULL
) ENGINE=InnoDB DEFAULT CHARSET=latin1;

--
-- Dumping data for table `payments`
--

INSERT INTO `payments` (`id`, `name`) VALUES
(1, 'fawry'),
(2, 'cash'),
(3, 'okkk');

-- --------------------------------------------------------

--
-- Table structure for table `privileges`
--

CREATE TABLE `privileges` (
  `id` int(11) NOT NULL,
  `name` varchar(255) NOT NULL,
  `value` int(11) DEFAULT NULL
) ENGINE=MyISAM DEFAULT CHARSET=utf8;

--
-- Dumping data for table `privileges`
--

INSERT INTO `privileges` (`id`, `name`, `value`) VALUES
(1, 'View Taskboard', 1),
(2, 'View all products', 2),
(3, 'View all services', 3),
(4, 'View leads', 4),
(5, 'View all departments', 5),
(6, 'View all roles', 6),
(7, 'View all marketing channels', 7),
(8, 'View all leads stages', 8),
(9, 'View all employees', 9),
(10, 'Add lead', 10),
(11, 'Assign lead', 11),
(12, 'Change lead status', 12),
(13, 'Edit lead', 13),
(14, 'View lead', 14),
(15, 'Delete lead', 15),
(16, 'Add product type', 16),
(17, 'Edit product type', 17),
(18, 'Delete product type', 18),
(19, 'Add product', 19),
(20, 'Edit product', 20),
(21, 'Delete product', 21),
(22, 'Add service', 22),
(23, 'Edit service', 23),
(24, 'Delete service', 24),
(25, 'Add department', 25),
(26, 'Edit department', 26),
(27, 'Delete department', 27),
(28, 'Add role', 28),
(29, 'Edit role', 29),
(30, 'Delete role', 30),
(31, 'Add marketing channel', 31),
(32, 'Edit marketing channel', 32),
(33, 'Delete marketing channel', 33),
(34, 'Add lead stage', 34),
(35, 'Edit lead stage', 35),
(36, 'Delete lead stage', 36),
(37, 'Add employee', 37),
(38, 'Edit employee', 38),
(39, 'Delete employee', 39);

-- --------------------------------------------------------

--
-- Table structure for table `product_category`
--

CREATE TABLE `product_category` (
  `id` int(11) NOT NULL,
  `name` varchar(255) DEFAULT NULL,
  `definition` varchar(255) DEFAULT NULL
) ENGINE=MyISAM DEFAULT CHARSET=utf8;

--
-- Dumping data for table `product_category`
--

INSERT INTO `product_category` (`id`, `name`, `definition`) VALUES
(16, 'Hotel Inventory', 'limit:int;price:int;Rating:select:1,2,3,4,5;From:datetime;To:datetime;Hotel name:varchar;'),
(21, '20-3 testing', 'limit:int;price:int;view:boolean;MCQ:select:1,2,3,4,5,6,7,8,9,0;number:int;');

-- --------------------------------------------------------

--
-- Table structure for table `product_instance`
--

CREATE TABLE `product_instance` (
  `id` int(11) NOT NULL,
  `category_id` int(11) NOT NULL,
  `data` varchar(255) DEFAULT NULL,
  `Name` varchar(255) DEFAULT NULL,
  `deleted` int(11) DEFAULT '0',
  `price` int(11) NOT NULL,
  `limited` int(11) NOT NULL
) ENGINE=MyISAM DEFAULT CHARSET=utf8;

--
-- Dumping data for table `product_instance`
--

INSERT INTO `product_instance` (`id`, `category_id`, `data`, `Name`, `deleted`, `price`, `limited`) VALUES
(25, 17, 'limit:1;price:100;price:100;', 'Foreigners meet and assit', 0, 100, 1),
(24, 16, 'limit:100;price:1000;Rating:4;From:Thu Jan 25 2018 14:11;To:Tue Jan 30 2018 14:11;Hotel name:Pyramisa nile;', 'Pyramisa nile offer 2018 new year', 0, 1000, 100),
(26, 17, 'limit:1;price:600;price:600;', 'Egyptians meet and assist', 0, 600, 1),
(27, 21, 'limit:5;price:100;view:;MCQ:5;number:1000;', 'idk yet', 0, 100, 5);

-- --------------------------------------------------------

--
-- Table structure for table `product_lead`
--

CREATE TABLE `product_lead` (
  `instance_id` int(11) NOT NULL,
  `lead_id` int(11) NOT NULL,
  `count` int(11) DEFAULT '1'
) ENGINE=MyISAM DEFAULT CHARSET=utf8;

--
-- Dumping data for table `product_lead`
--

INSERT INTO `product_lead` (`instance_id`, `lead_id`, `count`) VALUES
(24, 72, 5),
(24, 48, 12),
(24, 47, 50),
(24, 74, 20),
(27, 77, 99);

-- --------------------------------------------------------

--
-- Table structure for table `resources`
--

CREATE TABLE `resources` (
  `id` int(255) NOT NULL,
  `name` varchar(255) NOT NULL
) ENGINE=MyISAM DEFAULT CHARSET=utf8;

--
-- Dumping data for table `resources`
--

INSERT INTO `resources` (`id`, `name`) VALUES
(13, 'here'),
(10, 'Instagram'),
(9, 'Call Center'),
(8, 'Facebook');

-- --------------------------------------------------------

--
-- Table structure for table `roles`
--

CREATE TABLE `roles` (
  `id` int(11) NOT NULL,
  `name` varchar(255) DEFAULT NULL,
  `value` varchar(1000) DEFAULT NULL,
  `privileges` varchar(1500) DEFAULT NULL
) ENGINE=MyISAM DEFAULT CHARSET=utf8;

--
-- Dumping data for table `roles`
--

INSERT INTO `roles` (`id`, `name`, `value`, `privileges`) VALUES
(62, 'ADmin', '1,4,10,11,12,13,14,15', 'View Taskboard;View leads;Add lead;Assign lead;Change lead status;Edit lead;View lead;Delete lead;'),
(63, 'viewroles', '4,6,9,19,25,30,34,38,39', 'View all services;View all roles;View all leads stages;View leads;View all products;View all departments;View all marketing channels;View all employees;View Taskboard;'),
(39, 'Super Admin', '1,2,3,4,5,6,7,8,9,10,11,12,13,14,15,16,17,18,19,20,21,22,23,24,25,26,27,28,29,30,31,32,33,34,35,36,37,38,39', 'View Taskboard;View all products;View all services;View leads;View all departments;View all roles;View all marketing channels;View all lead\'s stages;View all employees;Add lead;Assign lead;Change lead status;Edit lead;View lead;Delete lead;Add product type;Edit product type;Delete product type;Add product;Edit product;Delete product;Add service;Edit service;Delete service;Add department;Edit department;Delete department;Add role;Edit role;Delete role;Add marketing channel;Edit marketing channel;Delete marketing channel;Add lead stage;Edit lead stage;Delete lead stage;Add employee;Edit employee;Delete employee;'),
(64, 'newrole', '1,2,3,4,5,6,7,8,9,14', 'View Taskboard;View all products;View all services;View leads;View all departments;View all roles;View all marketing channels;View all leads stages;View all employees;View lead;'),
(65, 'last', '1,2,3,4,5,6,7,8,9', 'View Taskboard;View all products;View all services;View leads;View all departments;View all roles;View all marketing channels;View all leads stages;View all employees;');

-- --------------------------------------------------------

--
-- Table structure for table `service_category`
--

CREATE TABLE `service_category` (
  `id` int(11) NOT NULL,
  `definition` varchar(255) DEFAULT NULL,
  `name` varchar(255) DEFAULT NULL
) ENGINE=MyISAM DEFAULT CHARSET=utf8;

--
-- Dumping data for table `service_category`
--

INSERT INTO `service_category` (`id`, `definition`, `name`) VALUES
(71, 'price:int;Address:varchar;No of Pax:int;No of bags:int;Time of arrival:datetime;Round Trip:boolean;', 'Shuttle Bus'),
(74, 'price:int;asd:int;asd:datetime;', 'weerwersx'),
(75, 'price:int;yyyyy:boolean;kjhg:int;jhgfd:boolean;uuuu:select:jjjj,nnkjkjk;', 'fahd'),
(76, 'price:int;MCQ:select:1,2,3,4,5,6;idk yet:datetime;', '20-3 testing');

-- --------------------------------------------------------

--
-- Table structure for table `service_lead`
--

CREATE TABLE `service_lead` (
  `service_id` int(11) NOT NULL,
  `lead_id` int(11) NOT NULL,
  `data` varchar(255) DEFAULT NULL,
  `price` int(11) NOT NULL
) ENGINE=MyISAM DEFAULT CHARSET=utf8;

--
-- Dumping data for table `service_lead`
--

INSERT INTO `service_lead` (`service_id`, `lead_id`, `data`, `price`) VALUES
(71, 69, 'price:200;Address:ay makan;No of Pax:3;No of bags:2;Time of arrival:Tue Jan 16 2018 12:27:32 GMT+0200 (EET);', 200),
(71, 48, 'price:1000;Address:nasr city;No of Pax:3;No of bags:3;Time of arrival:Wed Jan 17 2018 14:01:13 GMT+0200 (EET);Round Trip:true;', 1000),
(71, 46, 'price:2300;Address:nasr city;No of Pax:9;No of bags:7;Time of arrival:Fri Jan 19 2018 11:48;', 2300),
(71, 47, 'price:7000;Address:cairo;No of Pax:2;No of bags:8;Time of arrival:Fri Jan 19 2018 12:04:59 GMT+0200 (EET);Round Trip:false;', 7000),
(74, 62, 'price:233;asd:2333;', 233),
(75, 67, 'price:768;yyyyy:true;kjhg:-6;jhgfd:true;uuuu:nnkjkjk;', 768),
(71, 61, 'price:200;Address:abbas street;No of Pax:2;No of bags:5;', 200),
(71, 73, 'price:22;Address:23232323;No of Pax:23;No of bags:22;', 22),
(71, 71, 'price:220;Address:airport;No of Pax:2;No of bags:6;Time of arrival:Thu Jan 11 2018 12:31:50 GMT+0200 (EET);', 220),
(71, 72, 'price:500;Address:undefined;No of Pax:undefined;No of bags:undefined;Time of arrival:Tue Jan 09 2018 14:59;Round Trip:true;', 500),
(76, 78, 'price:100;MCQ:3;', 100);

-- --------------------------------------------------------

--
-- Table structure for table `settings`
--

CREATE TABLE `settings` (
  `id` int(255) NOT NULL,
  `name` varchar(255) NOT NULL,
  `value` int(255) NOT NULL,
  `type` varchar(255) NOT NULL
) ENGINE=InnoDB DEFAULT CHARSET=latin1;

--
-- Dumping data for table `settings`
--

INSERT INTO `settings` (`id`, `name`, `value`, `type`) VALUES
(1, 'gap', 15, 'time');

-- --------------------------------------------------------

--
-- Table structure for table `stage`
--

CREATE TABLE `stage` (
  `id` int(11) NOT NULL,
  `name` varchar(50) NOT NULL,
  `sort` int(11) NOT NULL
) ENGINE=MyISAM DEFAULT CHARSET=utf8;

--
-- Dumping data for table `stage`
--

INSERT INTO `stage` (`id`, `name`, `sort`) VALUES
(38, 'Offer sent', 2),
(37, 'Interested', 1),
(40, 'Paid', 4),
(41, 'Won', 5),
(51, 'Lost', 6),
(55, 'testins', 7);

-- --------------------------------------------------------

--
-- Table structure for table `status`
--

CREATE TABLE `status` (
  `id` int(8) NOT NULL,
  `name` varchar(255) NOT NULL
) ENGINE=InnoDB DEFAULT CHARSET=latin1;

--
-- Dumping data for table `status`
--

INSERT INTO `status` (`id`, `name`) VALUES
(2, 'out of service'),
(3, 'cancelled'),
(4, 'busy1');

-- --------------------------------------------------------

--
-- Table structure for table `trip`
--

CREATE TABLE `trip` (
  `id` int(11) NOT NULL,
  `car_id` int(11) NOT NULL,
  `start_time` timestamp NOT NULL DEFAULT CURRENT_TIMESTAMP ON UPDATE CURRENT_TIMESTAMP,
  `end_time` timestamp NOT NULL DEFAULT '0000-00-00 00:00:00',
  `placeX` varchar(100) DEFAULT NULL,
  `placeY` varchar(100) DEFAULT NULL,
  `status` varchar(30) DEFAULT NULL,
  `distance` varchar(255) NOT NULL,
  `duration` varchar(255) NOT NULL,
  `addressFrom` varchar(255) NOT NULL,
  `addressTo` varchar(255) NOT NULL,
  `land_mark` text NOT NULL,
  `passenger_name` varchar(255) NOT NULL,
  `email` varchar(255) NOT NULL,
  `phone` varchar(255) NOT NULL,
  `numOfBags` int(255) NOT NULL,
  `numOfPass` int(255) NOT NULL,
  `carType` text NOT NULL,
  `ref_id` int(255) NOT NULL,
  `flightNumber` varchar(50) DEFAULT NULL,
  `fromZone` varchar(255) NOT NULL,
  `toZone` varchar(255) NOT NULL,
  `price` int(11) NOT NULL,
  `car_type_id` int(11) DEFAULT NULL
) ENGINE=InnoDB DEFAULT CHARSET=utf8;

--
-- Dumping data for table `trip`
--

INSERT INTO `trip` (`id`, `car_id`, `start_time`, `end_time`, `placeX`, `placeY`, `status`, `distance`, `duration`, `addressFrom`, `addressTo`, `land_mark`, `passenger_name`, `email`, `phone`, `numOfBags`, `numOfPass`, `carType`, `ref_id`, `flightNumber`, `fromZone`, `toZone`, `price`, `car_type_id`) VALUES
(12, 13, '2018-12-28 00:00:00', '2018-12-28 00:17:00', '29.99775972557891,31.353178024291992', '30.078601315716543,31.419095993041992', NULL, '20.0 km', '17 mins', '', '', '', '', '', '', 0, 0, '', 0, NULL, '', '', 0, NULL),
(13, 6, '2018-12-28 00:00:00', '2018-12-28 00:17:00', '29.99775972557891,31.353178024291992', '30.078601315716543,31.419095993041992', NULL, '20.0 km', '17 mins', '', '', '', '', '', '', 0, 0, '', 0, NULL, '', '', 0, NULL),
(18, 1, '2018-12-25 10:00:00', '2018-12-25 10:31:00', '29.9883555,31.4284149', '30.1123632,31.4002893', NULL, '24.9 km', '31 mins', '', '', '', '', '', '', 0, 0, '', 0, NULL, '', '', 0, NULL),
(19, 13, '2019-02-02 12:01:00', '2019-02-02 12:32:00', '29.9883555,31.4284149', '30.1123632,31.4002893', NULL, '24.9 km', '31 mins', '177 West Arabella, 3rd Settlement, New, Cairo Governorate', 'cairo airport', '', '', '', '', 0, 0, '', 0, NULL, '', '', 0, NULL),
(20, 14, '2014-10-27 12:33:00', '2014-10-27 12:34:00', '30.0326867,31.2380511', '30.0326867,31.2380511', NULL, '1 m', '1 min', 'abbas el akkad', 'cairo airport', '', '', '', '', 0, 0, '', 0, NULL, '', '', 0, NULL),
(21, 15, '2004-12-25 00:58:00', '2004-12-25 00:59:00', '30.0326867,31.2380511', '30.0326867,31.2380511', NULL, '1 m', '1 min', '177 West Arabella, 3rd Settlement, New, Cairo Governorate', 'cairo airport', 'cAIRO', '', '', '', 0, 0, '', 0, NULL, '', '', 0, NULL),
(22, 14, '2016-12-30 00:58:00', '2016-12-30 00:59:00', '30.0326867,31.2380511', '30.0326867,31.2380511', NULL, '1 m', '1 min', 'abbas el akkad', 'cairo airport', 'cairo', 'Ahmed', 'ahmed@gmail.com', '010023872332', 3, 2, 'honda ', 9, NULL, '', '', 0, NULL),
(23, 14, '2019-04-24 08:01:00', '2019-04-24 08:18:00', '30.033730488691315,31.26405894756317', '30.029374187338544,31.234669145196676', NULL, '5.8 km', '17 mins', '4 Zoukak Mofleh, Al Abageyah, Qism El-Khalifa, Cairo Governorate, Egypt', 'Al Maryas, Al Inshaa WA Al Munirah, El-Sayeda Zainab, Cairo Governorate, Egypt', '', '', '', '', 0, 0, '', 0, NULL, '', '', 0, NULL),
(24, 14, '2018-03-26 00:01:00', '2018-03-26 00:16:00', '30.040566430584597,31.27682089805603', '30.073253543030656,31.29604697227478', NULL, '8.2 km', '15 mins', 'Ahmed Hafez, Al Abageyah, Qism El-Khalifa, Cairo Governorate, Egypt', 'Organization of African Unity St, El-Qobba Bridge, Al Waili, Cairo Governorate, Egypt', '', '', '', '', 0, 0, '', 0, 'this.flightNumberOOO', '', '', 0, NULL),
(25, 14, '2018-08-01 12:01:00', '2018-08-01 12:13:00', '30.051265218888908,31.311153173446655', '30.087513627783785,31.311839818954468', NULL, '6.8 km', '12 mins', 'Al Khalifa Al Kaher, Al Hay as Sades, Nasr City, Cairo Governorate, Egypt', '1 Al Maqreezi, Mansheya El-Bakry, Heliopolis, Cairo Governorate, Egypt', '', '', '', '', 0, 0, '', 0, 'NO Airport', '', '', 0, NULL),
(26, 1, '2019-11-01 20:58:00', '2019-11-01 21:22:00', '30.1123632,31.4002893', '30.053642570466106,31.320079565048218', NULL, '15.7 km', '24 mins', 'cairo airport', 'Passage Inside Al Azhar University, Gameat Al Azhar, Nasr City, Cairo Governorate, Egypt', '', '', '', '', 0, 0, '', 0, 'NO Airport', '', '', 0, NULL),
(27, 14, '2018-10-28 21:58:00', '2018-10-28 22:20:00', '30.1123632,31.4002893', '30.0754122,31.2936953', NULL, '14.1 km', '22 mins', 'cairo airport', 'Organization of African Unity St, El-Qobba Bridge, Al Waili, Cairo Governorate, Egypt', '', '', '', '', 0, 0, '', 0, '', '', '', 0, NULL),
(28, 1, '2019-04-23 21:58:00', '2019-04-23 22:20:00', '30.1123632,31.4002893', '30.0754122,31.2936953', NULL, '14.1 km', '22 mins', 'cairo airport', 'Organization of African Unity St, El-Qobba Bridge, Al Waili, Cairo Governorate, Egypt', '', '', '', '', 0, 0, '', 0, 'undefined', '', '', 0, NULL),
(29, 14, '2018-09-27 21:58:00', '2018-09-27 22:32:00', '30.0490689,31.3401334', '30.0326867,31.2380511', NULL, '14.8 km', '34 mins', 'Omar Lotfy Nasr city', 'Cairo International Airport', '', '', '', '', 0, 0, '', 0, '98)QAN', '', '', 0, NULL),
(30, 14, '2018-04-01 11:01:00', '2018-04-01 11:26:00', '30.1123632,31.4002893', '30.052453901811464,31.308406591415405', NULL, '16.3 km', '25 mins', 'cairo airport', 'Emtedad Ramses, Al Abageyah, Qism El-Khalifa, Cairo Governorate, Egypt', '', '', '', '', 0, 0, '', 0, '---', '', '', 0, NULL),
(31, 14, '2018-07-22 21:59:00', '2018-07-22 22:17:00', '30.048887810241283,31.256221532821655', '30.079492583060293,31.31731554865837', NULL, '10.9 km', '18 mins', '3 Al Moski, El-Gamaleya, Qism El-Gamaleya, Cairo Governorate, Egypt', 'Mostafa Abou Zahra, Ash Sharekat, Nasr City, Cairo Governorate, Egypt', '', '', '', '', 0, 0, '', 0, '---', '', '', 0, NULL),
(32, 14, '2018-04-30 23:00:00', '2018-04-30 23:23:00', '30.063151406016438,31.314586400985718', '30.1123632,31.4002893', NULL, '12.6 km', '23 mins', 'Dr Abd El-Aziz El-Shennawy, Gameat Al Azhar, Nasr City, Cairo Governorate, Egypt', 'Cairo International Airport', '', '', '', '', 0, 0, '', 0, '---', '', '', 0, NULL),
(33, 14, '2018-05-01 00:00:00', '2018-05-01 00:23:00', '30.1123632,31.4002893', '30.058991402837037,31.296733617782593', NULL, '15.6 km', '23 mins', 'cairo airport', 'Al Sikka Al Bidaa, As Sarayat Ash Sharqeyah, Nasr City, Cairo Governorate, Egypt', '', '', '', '', 0, 0, '', 0, '---', '', '', 0, NULL),
(34, 14, '2018-05-31 23:00:00', '2018-05-31 23:08:00', '30.05720849081894,31.32900595664978', '30.054236899442817,31.31527304649353', NULL, '3.1 km', '8 mins', 'Mokhles Al Alfi, Al Manteqah Al Oula, Nasr City, Cairo Governorate, Egypt', 'Passage Inside Al Azhar University, Gameat Al Azhar, Nasr City, Cairo Governorate, Egypt', '', '', '', '', 0, 0, '', 0, '', '', '', 0, NULL),
(35, 14, '2018-07-31 23:01:00', '2018-07-31 23:06:00', '30.045321590268852,31.328319311141968', '30.053642570466106,31.329692602157593', NULL, '1.4 km', '5 mins', 'Dr Abd Allah El-Araby, Al Hay as Sabea, Nasr City, Cairo Governorate, Egypt', 'Mohammed Youssef Moussa, Al Manteqah Al Oula, Nasr City, Cairo Governorate, Egypt', '', '', '', '', 0, 0, '', 0, '---', '', '', 0, NULL),
(36, 14, '2018-09-05 10:59:00', '2018-09-05 11:24:00', '30.1123632,31.4002893', '30.056168443981594,31.33784383535385', NULL, '12.5 km', '25 mins', 'cairo airport', 'Abbas El-Akkad, Al Manteqah Al Oula, Nasr City, Cairo Governorate, Egypt', '', '', '', '', 0, 0, '', 0, '12Qyou', '', '', 0, NULL),
(37, 14, '2018-07-03 10:59:00', '2018-07-03 12:39:00', '30.25432233644344,31.76194667816162', '30.061962851517578,30.79789638519287', NULL, '140 km', '1 hour 40 mins', 'El Mohandes Ibrahim St, Cairo Governorate, Egypt', 'Al Dabaa Corridor, Giza Governorate, Egypt', '15', 'Bassem<MNASFN', 'aslfkajslfkajslfk', '012230999121212', 3, 3, ' ', 9, '---', 'october', 'nasr city', 6, NULL),
(38, 15, '2018-07-03 10:59:00', '2018-07-03 12:39:00', '30.25432233644344,31.76194667816162', '30.061962851517578,30.79789638519287', NULL, '140 km', '1 hour 40 mins', 'El Mohandes Ibrahim St, Cairo Governorate, Egypt', 'Al Dabaa Corridor, Giza Governorate, Egypt', '15', 'Bassem<MNASFN', 'aslfkajslfkajslfk', '012230999121212', 3, 3, ' ', 9, '---', 'october', 'nasr city', 6, NULL),
(39, 14, '2018-07-29 10:59:00', '2018-07-29 12:39:00', '30.25432233644344,31.76194667816162', '30.061962851517578,30.79789638519287', NULL, '140 km', '1 hour 40 mins', 'El Mohandes Ibrahim St, Cairo Governorate, Egypt', 'Al Dabaa Corridor, Giza Governorate, Egypt', '15', 'Bassem<MNASFN', 'aslfkajslfkajslfk', '012230999121212', 3, 3, ' ', 9, '---', 'october', 'nasr city', 6, NULL),
(40, 14, '2018-05-01 21:59:00', '2018-05-01 23:42:00', '30.268556249047727,31.77293300628662', '30.0643399462443,30.78965663909912', NULL, '142 km', '1 hour 43 mins', 'El Nasr St, Cairo Governorate, Egypt', 'Al Dabaa Corridor, Giza Governorate, Egypt', '12', 'Bassem', 'bassem.magdyy94@gmail.com', '01222709375', 12, 12, ' ', 9, '---', 'october', 'nasr city', 6, NULL),
(41, 15, '2018-05-01 21:59:00', '2018-05-01 23:42:00', '30.268556249047727,31.77293300628662', '30.0643399462443,30.78965663909912', NULL, '142 km', '1 hour 43 mins', 'El Nasr St, Cairo Governorate, Egypt', 'Al Dabaa Corridor, Giza Governorate, Egypt', '12', 'Bassem', 'bassem.magdyy94@gmail.com', '01222709375', 12, 12, ' ', 9, '---', 'october', 'nasr city', 6, NULL),
(42, 16, '2018-05-01 21:59:00', '2018-05-01 23:42:00', '30.268556249047727,31.77293300628662', '30.0643399462443,30.78965663909912', NULL, '142 km', '1 hour 43 mins', 'El Nasr St, Cairo Governorate, Egypt', 'Al Dabaa Corridor, Giza Governorate, Egypt', '12', 'Bassem', 'bassem.magdyy94@gmail.com', '01222709375', 12, 12, ' ', 9, '---', 'october', 'nasr city', 6, NULL),
(43, 14, '2018-05-24 21:59:00', '2018-05-24 23:42:00', '30.268556249047727,31.77293300628662', '30.0643399462443,30.78965663909912', NULL, '142 km', '1 hour 43 mins', 'El Nasr St, Cairo Governorate, Egypt', 'Al Dabaa Corridor, Giza Governorate, Egypt', '12', 'Bassem', 'bassem.magdyy94@gmail.com', '01222709375', 12, 12, ' ', 9, '---', 'october', 'nasr city', 6, NULL),
(44, 14, '2018-12-01 10:59:00', '2018-12-01 12:27:00', '30.294646395871705,31.80016279220581', '30.171250084367482,30.812766551971436', NULL, '122 km', '1 hour 28 mins', 'Ismailia Desert Rd, Cairo Governorate, Egypt', 'Alexandria Desert Rd, Giza Governorate, Egypt', 'Cairo', 'Bassem', 'bassem.magdyy94@gmail.com', '4124124124', 12412, 4124, ' ', 9, '---', 'october', 'nasr city', 6, NULL),
(45, 13, '2018-03-15 16:26:44', '2018-03-15 15:15:00', '30.285159872426014,31.78666591644287', '30.0248214,31.2670958', NULL, '116 km', '1 hour 30 mins', 'Khufu St, Cairo Governorate, Egypt', 'Alexandria Desert Rd, Giza Governorate, Egypt', 'Cairo', 'Bassem', 'bassem.magdyy94@gmail.com', '01223099912', 12, 12, ' ', 13, '---', 'october', 'nasr city', 6, NULL),
(46, 14, '2018-03-15 16:26:51', '2018-03-15 15:15:00', '30.25432233644344,31.75920009613037', '30.112929, 31.399957', NULL, '114 km', '1 hour 27 mins', 'Unnamed Road, Cairo Governorate, Egypt', 'Unnamed Road, Giza Governorate, Egypt', 'Cairo', 'afahsfoiah', 'bassem.magdyy94@gmail.com', '01223099912', 12, 12, ' ', 9, '---', 'october', 'nasr city', 6, NULL),
(47, 15, '2018-03-15 16:26:56', '2018-03-15 15:15:00', '30.275672431597897,31.78117275238037', '30.058111, 31.326428', NULL, '118 km', '1 hour 35 mins', 'Rameses St, Cairo Governorate, Egypt', 'Unnamed Road, Giza Governorate, Egypt', '', 'caklsjlkf', 'jlkfsajfklaj', 'lkjflksajflk', 12, 12, ' ', 10, '---', 'october', 'nasr city', 6, NULL),
(48, 14, '2018-03-15 19:00:00', '2018-03-15 20:04:00', '30.123154843264086,31.40204519033432', '29.837665830280674,31.24111533164978', NULL, '53.2 km', '1 hour 4 mins', 'Airport Rd, Sheraton Al Matar, Qism El-Nozha, Cairo Governorate, Egypt', 'Unnamed Road, Al Badrashin, Giza Governorate, Egypt', '12', 'Bassem', 'bassem.magdyy94@gmail.com', '01222709375', 12, 12, ' ', 10, 'AQYIW', 'Airport', 'Saqqarah', 12333, NULL),
(49, 14, '2018-03-12 20:09:00', '2018-03-12 20:32:00', '30.12274652714829,31.40223763883114', '30.05720849081894,31.335185766220093', NULL, '14.8 km', '23 mins', 'Airport Rd, Sheraton Al Matar, Qism El-Nozha, Cairo Governorate, Egypt', 'Al Moussawah, Al Manteqah Al Oula, Nasr City, Cairo Governorate, Egypt', '8974129874198', 'Bassem', 'okokok@xxx.com', '01222709375', 12, 12, ' ', 10, '21874981729', 'Airport', 'Madinet Nasr', 909090, NULL),
(50, 14, '2018-03-15 20:09:00', '2018-03-15 20:32:00', '30.12274652714829,31.40223763883114', '30.05720849081894,31.335185766220093', NULL, '14.8 km', '23 mins', 'Airport Rd, Sheraton Al Matar, Qism El-Nozha, Cairo Governorate, Egypt', 'Al Moussawah, Al Manteqah Al Oula, Nasr City, Cairo Governorate, Egypt', '8974129874198', 'Bassem', 'okokok@xxx.com', '01222709375', 12, 12, ' ', 10, '21874981729', 'Airport', 'Madinet Nasr', 909090, NULL),
(51, 15, '2018-03-15 20:09:00', '2018-03-15 20:32:00', '30.12274652714829,31.40223763883114', '30.05720849081894,31.335185766220093', NULL, '14.8 km', '23 mins', 'Airport Rd, Sheraton Al Matar, Qism El-Nozha, Cairo Governorate, Egypt', 'Al Moussawah, Al Manteqah Al Oula, Nasr City, Cairo Governorate, Egypt', '8974129874198', 'Bassem', 'okokok@xxx.com', '01222709375', 12, 12, ' ', 10, '21874981729', 'Airport', 'Madinet Nasr', 909090, NULL),
(52, 13, '2018-03-15 20:09:00', '2018-03-15 20:32:00', '30.12274652714829,31.40223763883114', '30.05720849081894,31.335185766220093', NULL, '14.8 km', '23 mins', 'Airport Rd, Sheraton Al Matar, Qism El-Nozha, Cairo Governorate, Egypt', 'Al Moussawah, Al Manteqah Al Oula, Nasr City, Cairo Governorate, Egypt', '8974129874198', 'Bassem', 'okokok@xxx.com', '01222709375', 12, 12, ' ', 10, '21874981729', 'Airport', 'Madinet Nasr', 909090, NULL),
(53, 14, '2018-10-31 23:00:00', '2018-10-31 23:23:00', '30.052899654229005,31.332380175590515', '30.122783646864974,31.400500237941742', NULL, '13.3 km', '23 mins', 'Ali Amin, Al Hadiqah Ad Dawleyah, Nasr City, Cairo Governorate, Egypt', 'Airport Rd, Sheraton Al Matar, Qism El-Nozha, Cairo Governorate, Egypt', 'MARAKES', 'Ali', 'bassem.magdyy94@gmail.com', '01223099912', 12, 12, 'Karens Kia ', 9, '9QAB', 'Madinet Nasr', 'Airport', 909090, 2);

-- --------------------------------------------------------

--
-- Table structure for table `zone`
--

CREATE TABLE `zone` (
  `id` int(11) NOT NULL,
  `latLng` text NOT NULL,
  `name` varchar(255) NOT NULL,
  `parent_zone_id` int(11) DEFAULT NULL
) ENGINE=InnoDB DEFAULT CHARSET=utf8;

--
-- Dumping data for table `zone`
--

INSERT INTO `zone` (`id`, `latLng`, `name`, `parent_zone_id`) VALUES
(3, '30.110539171486632,31.559401197656257;29.942892441403185,31.569014234765632;30.1117271423118,31.456404371484382;30.110539171486632,31.559401197656257', 'Tenth of ramdan', NULL),
(10, '30.325328861942403,31.20028559707032;30.188914589388318,31.10140864394532;30.35140390246524,31.122008009179694;30.325328861942403,31.20028559707032', 'zayed', NULL),
(11, '30.20434482819627,30.850096388085944;30.00832027803965,30.80477778457032;30.152109648646217,30.70315424941407;30.20434482819627,30.850096388085944', 'nasr city', NULL),
(12, '30.362068962488646,31.27169672988282;30.181792125172375,31.32662837050782;30.362068962488646,31.48867671035157;30.362068962488646,31.27169672988282', 'new cairo', NULL),
(13, '30.301618254477436,31.646605177148444;30.19128862967574,31.767454786523444;30.295689706335267,31.87045161269532;30.420113883450007,31.76333491347657;30.301618254477436,31.646605177148444', 'october', NULL),
(15, '30.063457162368657,31.312129679667123;30.058554298226763,31.31067055796302;30.071888035094773,31.323373499857553;30.063457162368657,31.312129679667123', 'triangle', NULL),
(16, '30.14228463601591,30.985365553125007;30.0139409714159,30.798597975000007;29.990155364503494,31.295729322656257;30.14228463601591,30.985365553125007', 'dfff', NULL),
(17, '30.175531721645765,31.093855543359382;30.074568450548327,30.938673658593757;29.950896652710025,31.364393873437507;30.175531721645765,31.093855543359382', 'Fekry', 12),
(18, '30.12990224240804,31.382246656640632;30.103174361729664,31.40353266738282;30.129308368085155,31.423788709863288;30.14890433422126,31.423102064355476;30.12990224240804,31.382246656640632', 'Airport', NULL),
(19, '29.887812337312607,31.165266676171882;29.81396489840233,31.169386549218757;29.822305247341518,31.287489576562507;29.89138421464187,31.287489576562507;29.887812337312607,31.165266676171882', 'Saqqarah', NULL),
(20, '30.065856927083793,31.32662837050782;30.04119217145426,31.313582105859382;30.042826773015793,31.335898084863288;30.053376734213064,31.35254923842774;30.050850789486663,31.36782710097657;30.065856927083793,31.36078898452149;30.07254209747081,31.34293620131', 'Madinet Nasr', NULL),
(21, '30.025831636507814,31.678877516015632;29.903289547950163,31.732435865625007;29.988965934509427,31.766768141015632;29.915193458754757,31.818953199609382;30.042476171827822,31.847792310937507;30.029398557974837,31.770888014062507;30.025831636507814,31.678877516015632', 'sda', NULL),
(22, '29.940187039665968,30.459395094140632;29.90686087057008,30.485487623437507;29.87114188434596,30.510206861718757;29.84970435081694,30.539045973046882;29.861614660176436,30.654402418359382;29.908051282991686,30.640669508203132;29.958035754010062,30.687361402734382;29.930666415592455,30.688734693750007;29.877095937451585,30.727186842187507;29.884240331998253,30.765638990625007;29.95565611053638,30.745039625390632;29.98539755903023,30.779371900781257;29.96398461347383,30.846663160546882;29.930666415592455,30.848036451562507;29.90448000304896,30.861769361718757;29.919954624698565,30.923567457421882;29.96041534052047,30.918074293359382;30.01275182648813,30.909834547265632;30.03890972102984,30.907087965234382;30.078133617075377,30.882368726953132;30.05555205960584,30.692854566796882;30.023453617561003,30.584364576562507;29.987776490265638,30.530806226953132;29.940187039665968,30.459395094140632', 'xxxx', NULL),
(23, '30.40404207724539,32.41358820937501;29.600099730951033,32.14991633437501;30.219095877701605,33.30897395156251;30.40404207724539,32.41358820937501', 'lsakflaskf', NULL);

-- --------------------------------------------------------

--
-- Table structure for table `zone_pricing`
--

CREATE TABLE `zone_pricing` (
  `id` int(255) NOT NULL,
  `from_id` int(255) NOT NULL,
  `to_id` int(255) NOT NULL,
  `price` int(255) NOT NULL,
  `peak_hour_price` int(255) NOT NULL,
  `car_type_id` int(11) NOT NULL
) ENGINE=InnoDB DEFAULT CHARSET=latin1;

--
-- Dumping data for table `zone_pricing`
--

INSERT INTO `zone_pricing` (`id`, `from_id`, `to_id`, `price`, `peak_hour_price`, `car_type_id`) VALUES
(3, 1, 2, 600, 9090, 0),
(6, 2, 3, 2333, 33333, 0),
(7, 12, 10, 12, 222, 2),
(8, 11, 12, 25, 12, 3),
(9, 12, 11, 25, 12, 3),
(10, 11, 13, 6, 10, 4),
(11, 13, 11, 6, 10, 1),
(12, 18, 19, 12333, 1234444, 2),
(13, 19, 18, 12333, 1234444, 2),
(14, 20, 18, 909090, 909090, 2),
(15, 18, 20, 909090, 909090, 2);

--
-- Indexes for dumped tables
--

--
-- Indexes for table `car`
--
ALTER TABLE `car`
  ADD PRIMARY KEY (`id`);

--
-- Indexes for table `car_type`
--
ALTER TABLE `car_type`
  ADD PRIMARY KEY (`id`);

--
-- Indexes for table `comment`
--
ALTER TABLE `comment`
  ADD PRIMARY KEY (`id`);

--
-- Indexes for table `customer`
--
ALTER TABLE `customer`
  ADD PRIMARY KEY (`id`);
ALTER TABLE `customer` ADD FULLTEXT KEY `FullText` (`name`,`email`,`phone`,`payment_info`,`address`,`company`,`notes`,`phone2`,`email2`);

--
-- Indexes for table `department`
--
ALTER TABLE `department`
  ADD PRIMARY KEY (`id`);
ALTER TABLE `department` ADD FULLTEXT KEY `name` (`name`);

--
-- Indexes for table `driver`
--
ALTER TABLE `driver`
  ADD PRIMARY KEY (`id`);

--
-- Indexes for table `employee`
--
ALTER TABLE `employee`
  ADD PRIMARY KEY (`id`);
ALTER TABLE `employee` ADD FULLTEXT KEY `FullText` (`name`,`phone`,`email`,`username`,`address`);
ALTER TABLE `employee` ADD FULLTEXT KEY `name` (`name`);

--
-- Indexes for table `lead`
--
ALTER TABLE `lead`
  ADD PRIMARY KEY (`id`);
ALTER TABLE `lead` ADD FULLTEXT KEY `comment` (`comment`);

--
-- Indexes for table `lead_stage`
--
ALTER TABLE `lead_stage`
  ADD PRIMARY KEY (`id`);

--
-- Indexes for table `new`
--
ALTER TABLE `new`
  ADD PRIMARY KEY (`id`);
ALTER TABLE `new` ADD FULLTEXT KEY `name` (`name`);

--
-- Indexes for table `notifications`
--
ALTER TABLE `notifications`
  ADD PRIMARY KEY (`id`);

--
-- Indexes for table `payments`
--
ALTER TABLE `payments`
  ADD PRIMARY KEY (`id`);

--
-- Indexes for table `privileges`
--
ALTER TABLE `privileges`
  ADD PRIMARY KEY (`id`);
ALTER TABLE `privileges` ADD FULLTEXT KEY `name` (`name`);

--
-- Indexes for table `product_category`
--
ALTER TABLE `product_category`
  ADD PRIMARY KEY (`id`);

--
-- Indexes for table `product_instance`
--
ALTER TABLE `product_instance`
  ADD PRIMARY KEY (`id`,`category_id`);

--
-- Indexes for table `product_lead`
--
ALTER TABLE `product_lead`
  ADD PRIMARY KEY (`instance_id`,`lead_id`);

--
-- Indexes for table `resources`
--
ALTER TABLE `resources`
  ADD PRIMARY KEY (`id`);

--
-- Indexes for table `roles`
--
ALTER TABLE `roles`
  ADD PRIMARY KEY (`id`);
ALTER TABLE `roles` ADD FULLTEXT KEY `FullText` (`name`);

--
-- Indexes for table `service_category`
--
ALTER TABLE `service_category`
  ADD PRIMARY KEY (`id`);

--
-- Indexes for table `service_lead`
--
ALTER TABLE `service_lead`
  ADD PRIMARY KEY (`service_id`,`lead_id`);

--
-- Indexes for table `settings`
--
ALTER TABLE `settings`
  ADD PRIMARY KEY (`id`);

--
-- Indexes for table `stage`
--
ALTER TABLE `stage`
  ADD PRIMARY KEY (`id`),
  ADD UNIQUE KEY `sort` (`sort`);
ALTER TABLE `stage` ADD FULLTEXT KEY `name` (`name`);

--
-- Indexes for table `status`
--
ALTER TABLE `status`
  ADD PRIMARY KEY (`id`);

--
-- Indexes for table `trip`
--
ALTER TABLE `trip`
  ADD PRIMARY KEY (`id`);

--
-- Indexes for table `zone`
--
ALTER TABLE `zone`
  ADD PRIMARY KEY (`id`);

--
-- Indexes for table `zone_pricing`
--
ALTER TABLE `zone_pricing`
  ADD PRIMARY KEY (`id`);

--
-- AUTO_INCREMENT for dumped tables
--

--
-- AUTO_INCREMENT for table `car`
--
ALTER TABLE `car`
  MODIFY `id` int(11) NOT NULL AUTO_INCREMENT, AUTO_INCREMENT=26;
--
-- AUTO_INCREMENT for table `car_type`
--
ALTER TABLE `car_type`
  MODIFY `id` int(255) NOT NULL AUTO_INCREMENT, AUTO_INCREMENT=4;
--
-- AUTO_INCREMENT for table `comment`
--
ALTER TABLE `comment`
  MODIFY `id` int(255) NOT NULL AUTO_INCREMENT, AUTO_INCREMENT=3;
--
-- AUTO_INCREMENT for table `customer`
--
ALTER TABLE `customer`
  MODIFY `id` int(11) NOT NULL AUTO_INCREMENT, AUTO_INCREMENT=184;
--
-- AUTO_INCREMENT for table `department`
--
ALTER TABLE `department`
  MODIFY `id` int(11) NOT NULL AUTO_INCREMENT, AUTO_INCREMENT=24;
--
-- AUTO_INCREMENT for table `driver`
--
ALTER TABLE `driver`
  MODIFY `id` int(255) NOT NULL AUTO_INCREMENT, AUTO_INCREMENT=9;
--
-- AUTO_INCREMENT for table `employee`
--
ALTER TABLE `employee`
  MODIFY `id` int(11) NOT NULL AUTO_INCREMENT, AUTO_INCREMENT=80;
--
-- AUTO_INCREMENT for table `lead`
--
ALTER TABLE `lead`
  MODIFY `id` int(11) NOT NULL AUTO_INCREMENT, AUTO_INCREMENT=81;
--
-- AUTO_INCREMENT for table `lead_stage`
--
ALTER TABLE `lead_stage`
  MODIFY `id` int(11) NOT NULL AUTO_INCREMENT, AUTO_INCREMENT=1309;
--
-- AUTO_INCREMENT for table `new`
--
ALTER TABLE `new`
  MODIFY `id` int(11) NOT NULL AUTO_INCREMENT, AUTO_INCREMENT=2502;
--
-- AUTO_INCREMENT for table `notifications`
--
ALTER TABLE `notifications`
  MODIFY `id` int(255) NOT NULL AUTO_INCREMENT, AUTO_INCREMENT=6;
--
-- AUTO_INCREMENT for table `payments`
--
ALTER TABLE `payments`
  MODIFY `id` int(11) NOT NULL AUTO_INCREMENT, AUTO_INCREMENT=4;
--
-- AUTO_INCREMENT for table `privileges`
--
ALTER TABLE `privileges`
  MODIFY `id` int(11) NOT NULL AUTO_INCREMENT, AUTO_INCREMENT=41;
--
-- AUTO_INCREMENT for table `product_category`
--
ALTER TABLE `product_category`
  MODIFY `id` int(11) NOT NULL AUTO_INCREMENT, AUTO_INCREMENT=22;
--
-- AUTO_INCREMENT for table `product_instance`
--
ALTER TABLE `product_instance`
  MODIFY `id` int(11) NOT NULL AUTO_INCREMENT, AUTO_INCREMENT=28;
--
-- AUTO_INCREMENT for table `resources`
--
ALTER TABLE `resources`
  MODIFY `id` int(255) NOT NULL AUTO_INCREMENT, AUTO_INCREMENT=15;
--
-- AUTO_INCREMENT for table `roles`
--
ALTER TABLE `roles`
  MODIFY `id` int(11) NOT NULL AUTO_INCREMENT, AUTO_INCREMENT=66;
--
-- AUTO_INCREMENT for table `service_category`
--
ALTER TABLE `service_category`
  MODIFY `id` int(11) NOT NULL AUTO_INCREMENT, AUTO_INCREMENT=77;
--
-- AUTO_INCREMENT for table `settings`
--
ALTER TABLE `settings`
  MODIFY `id` int(255) NOT NULL AUTO_INCREMENT, AUTO_INCREMENT=2;
--
-- AUTO_INCREMENT for table `stage`
--
ALTER TABLE `stage`
  MODIFY `id` int(11) NOT NULL AUTO_INCREMENT, AUTO_INCREMENT=56;
--
-- AUTO_INCREMENT for table `status`
--
ALTER TABLE `status`
  MODIFY `id` int(8) NOT NULL AUTO_INCREMENT, AUTO_INCREMENT=5;
--
-- AUTO_INCREMENT for table `trip`
--
ALTER TABLE `trip`
  MODIFY `id` int(11) NOT NULL AUTO_INCREMENT, AUTO_INCREMENT=54;
--
-- AUTO_INCREMENT for table `zone`
--
ALTER TABLE `zone`
  MODIFY `id` int(11) NOT NULL AUTO_INCREMENT, AUTO_INCREMENT=24;
--
-- AUTO_INCREMENT for table `zone_pricing`
--
ALTER TABLE `zone_pricing`
  MODIFY `id` int(255) NOT NULL AUTO_INCREMENT, AUTO_INCREMENT=16;
/*!40101 SET CHARACTER_SET_CLIENT=@OLD_CHARACTER_SET_CLIENT */;
/*!40101 SET CHARACTER_SET_RESULTS=@OLD_CHARACTER_SET_RESULTS */;
/*!40101 SET COLLATION_CONNECTION=@OLD_COLLATION_CONNECTION */;
